17-02-2026 15:34:53.711 INFO  Version.<clinit>:21 : HV000001: Hibernate Validator 8.0.3.Final
17-02-2026 15:34:53.782 INFO  StartupInfoLogger.logStarting:53 : Starting UserServiceApplication using Java 25.0.1 with PID 30572 (C:\Users\akshay.gill\personal Learnings\FitnessApp\backend-microservices\userservice\userservice\target\classes started by akshay.gill in C:\Users\akshay.gill\personal Learnings\FitnessApp\backend-microservices\userservice\userservice)
17-02-2026 15:34:53.787 DEBUG StartupInfoLogger.logStarting:54 : Running with Spring Boot v3.5.10, Spring v6.2.15
17-02-2026 15:34:53.789 INFO  SpringApplication.logStartupProfileInfo:652 : No active profile set, falling back to 1 default profile: "default"
17-02-2026 15:34:54.932 INFO  TomcatWebServer.initialize:111 : Tomcat initialized with port 8099 (http)
17-02-2026 15:34:54.951 INFO  DirectJDKLog.log:168 : Initializing ProtocolHandler ["http-nio-8099"]
17-02-2026 15:34:54.953 INFO  DirectJDKLog.log:168 : Starting service [Tomcat]
17-02-2026 15:34:54.954 INFO  DirectJDKLog.log:168 : Starting Servlet engine: [Apache Tomcat/10.1.50]
17-02-2026 15:34:55.027 INFO  DirectJDKLog.log:168 : Initializing Spring embedded WebApplicationContext
17-02-2026 15:34:55.028 INFO  ServletWebServerApplicationContext.prepareWebApplicationContext:301 : Root WebApplicationContext: initialization completed in 1167 ms
17-02-2026 15:34:55.483 INFO  DirectJDKLog.log:168 : Starting ProtocolHandler ["http-nio-8099"]
17-02-2026 15:34:55.526 INFO  TomcatWebServer.start:243 : Tomcat started on port 8099 (http) with context path '/'
17-02-2026 15:34:55.532 INFO  StartupInfoLogger.logStarted:59 : Started UserServiceApplication in 2.406 seconds (process running for 3.069)
17-02-2026 15:35:42.613 INFO  GracefulShutdown.shutDownGracefully:54 : Commencing graceful shutdown. Waiting for active requests to complete
17-02-2026 15:35:42.626 INFO  GracefulShutdown.doShutdown:76 : Graceful shutdown complete
17-02-2026 15:35:44.979 INFO  Version.<clinit>:21 : HV000001: Hibernate Validator 8.0.3.Final
17-02-2026 15:35:45.017 INFO  StartupInfoLogger.logStarting:53 : Starting UserServiceApplication using Java 25.0.1 with PID 35992 (C:\Users\akshay.gill\personal Learnings\FitnessApp\backend-microservices\userservice\userservice\target\classes started by akshay.gill in C:\Users\akshay.gill\personal Learnings\FitnessApp\backend-microservices\userservice\userservice)
17-02-2026 15:35:45.022 DEBUG StartupInfoLogger.logStarting:54 : Running with Spring Boot v3.5.10, Spring v6.2.15
17-02-2026 15:35:45.023 INFO  SpringApplication.logStartupProfileInfo:652 : No active profile set, falling back to 1 default profile: "default"
17-02-2026 15:35:45.733 INFO  TomcatWebServer.initialize:111 : Tomcat initialized with port 8099 (http)
17-02-2026 15:35:45.746 INFO  DirectJDKLog.log:168 : Initializing ProtocolHandler ["http-nio-8099"]
17-02-2026 15:35:45.748 INFO  DirectJDKLog.log:168 : Starting service [Tomcat]
17-02-2026 15:35:45.748 INFO  DirectJDKLog.log:168 : Starting Servlet engine: [Apache Tomcat/10.1.50]
17-02-2026 15:35:45.793 INFO  DirectJDKLog.log:168 : Initializing Spring embedded WebApplicationContext
17-02-2026 15:35:45.794 INFO  ServletWebServerApplicationContext.prepareWebApplicationContext:301 : Root WebApplicationContext: initialization completed in 727 ms
17-02-2026 15:35:46.076 INFO  DirectJDKLog.log:168 : Starting ProtocolHandler ["http-nio-8099"]
17-02-2026 15:35:46.100 INFO  TomcatWebServer.start:243 : Tomcat started on port 8099 (http) with context path '/'
17-02-2026 15:35:46.106 INFO  StartupInfoLogger.logStarted:59 : Started UserServiceApplication in 1.531 seconds (process running for 2.348)
17-02-2026 15:40:16.184 INFO  GracefulShutdown.shutDownGracefully:54 : Commencing graceful shutdown. Waiting for active requests to complete
17-02-2026 15:40:16.197 INFO  GracefulShutdown.doShutdown:76 : Graceful shutdown complete
17-02-2026 15:40:19.112 INFO  Version.<clinit>:21 : HV000001: Hibernate Validator 8.0.3.Final
17-02-2026 15:40:19.231 INFO  StartupInfoLogger.logStarting:53 : Starting UserServiceApplication using Java 25.0.1 with PID 29776 (C:\Users\akshay.gill\personal Learnings\FitnessApp\backend-microservices\userservice\userservice\target\classes started by akshay.gill in C:\Users\akshay.gill\personal Learnings\FitnessApp\backend-microservices\userservice\userservice)
17-02-2026 15:40:19.241 DEBUG StartupInfoLogger.logStarting:54 : Running with Spring Boot v3.5.10, Spring v6.2.15
17-02-2026 15:40:19.245 INFO  SpringApplication.logStartupProfileInfo:652 : No active profile set, falling back to 1 default profile: "default"
17-02-2026 15:40:20.518 INFO  TomcatWebServer.initialize:111 : Tomcat initialized with port 8099 (http)
17-02-2026 15:40:20.538 INFO  DirectJDKLog.log:168 : Initializing ProtocolHandler ["http-nio-8099"]
17-02-2026 15:40:20.541 INFO  DirectJDKLog.log:168 : Starting service [Tomcat]
17-02-2026 15:40:20.542 INFO  DirectJDKLog.log:168 : Starting Servlet engine: [Apache Tomcat/10.1.50]
17-02-2026 15:40:20.612 INFO  DirectJDKLog.log:168 : Initializing Spring embedded WebApplicationContext
17-02-2026 15:40:20.613 INFO  ServletWebServerApplicationContext.prepareWebApplicationContext:301 : Root WebApplicationContext: initialization completed in 1263 ms
17-02-2026 15:40:21.109 INFO  DirectJDKLog.log:168 : Starting ProtocolHandler ["http-nio-8099"]
17-02-2026 15:40:21.154 INFO  TomcatWebServer.start:243 : Tomcat started on port 8099 (http) with context path '/'
17-02-2026 15:40:21.166 INFO  StartupInfoLogger.logStarted:59 : Started UserServiceApplication in 2.51 seconds (process running for 3.216)
17-02-2026 15:40:29.851 INFO  GracefulShutdown.shutDownGracefully:54 : Commencing graceful shutdown. Waiting for active requests to complete
17-02-2026 15:40:29.866 INFO  GracefulShutdown.doShutdown:76 : Graceful shutdown complete
17-02-2026 15:40:32.919 INFO  Version.<clinit>:21 : HV000001: Hibernate Validator 8.0.3.Final
17-02-2026 15:40:32.978 INFO  StartupInfoLogger.logStarting:53 : Starting UserServiceApplication using Java 25.0.1 with PID 7212 (C:\Users\akshay.gill\personal Learnings\FitnessApp\backend-microservices\userservice\userservice\target\classes started by akshay.gill in C:\Users\akshay.gill\personal Learnings\FitnessApp\backend-microservices\userservice\userservice)
17-02-2026 15:40:32.984 DEBUG StartupInfoLogger.logStarting:54 : Running with Spring Boot v3.5.10, Spring v6.2.15
17-02-2026 15:40:32.986 INFO  SpringApplication.logStartupProfileInfo:652 : No active profile set, falling back to 1 default profile: "default"
17-02-2026 15:40:33.816 INFO  TomcatWebServer.initialize:111 : Tomcat initialized with port 8099 (http)
17-02-2026 15:40:33.832 INFO  DirectJDKLog.log:168 : Initializing ProtocolHandler ["http-nio-8099"]
17-02-2026 15:40:33.834 INFO  DirectJDKLog.log:168 : Starting service [Tomcat]
17-02-2026 15:40:33.834 INFO  DirectJDKLog.log:168 : Starting Servlet engine: [Apache Tomcat/10.1.50]
17-02-2026 15:40:33.890 INFO  DirectJDKLog.log:168 : Initializing Spring embedded WebApplicationContext
17-02-2026 15:40:33.893 INFO  ServletWebServerApplicationContext.prepareWebApplicationContext:301 : Root WebApplicationContext: initialization completed in 845 ms
17-02-2026 15:40:34.268 INFO  DirectJDKLog.log:168 : Starting ProtocolHandler ["http-nio-8099"]
17-02-2026 15:40:34.299 INFO  TomcatWebServer.start:243 : Tomcat started on port 8099 (http) with context path '/'
17-02-2026 15:40:34.308 INFO  StartupInfoLogger.logStarted:59 : Started UserServiceApplication in 1.959 seconds (process running for 2.735)
17-02-2026 15:41:12.294 INFO  GracefulShutdown.shutDownGracefully:54 : Commencing graceful shutdown. Waiting for active requests to complete
17-02-2026 15:41:12.309 INFO  GracefulShutdown.doShutdown:76 : Graceful shutdown complete
17-02-2026 15:41:15.144 INFO  Version.<clinit>:21 : HV000001: Hibernate Validator 8.0.3.Final
17-02-2026 15:41:15.181 INFO  StartupInfoLogger.logStarting:53 : Starting UserServiceApplication using Java 25.0.1 with PID 33064 (C:\Users\akshay.gill\personal Learnings\FitnessApp\backend-microservices\userservice\userservice\target\classes started by akshay.gill in C:\Users\akshay.gill\personal Learnings\FitnessApp\backend-microservices\userservice\userservice)
17-02-2026 15:41:15.184 DEBUG StartupInfoLogger.logStarting:54 : Running with Spring Boot v3.5.10, Spring v6.2.15
17-02-2026 15:41:15.184 INFO  SpringApplication.logStartupProfileInfo:652 : No active profile set, falling back to 1 default profile: "default"
17-02-2026 15:41:15.773 INFO  TomcatWebServer.initialize:111 : Tomcat initialized with port 8099 (http)
17-02-2026 15:41:15.783 INFO  DirectJDKLog.log:168 : Initializing ProtocolHandler ["http-nio-8099"]
17-02-2026 15:41:15.785 INFO  DirectJDKLog.log:168 : Starting service [Tomcat]
17-02-2026 15:41:15.785 INFO  DirectJDKLog.log:168 : Starting Servlet engine: [Apache Tomcat/10.1.50]
17-02-2026 15:41:15.820 INFO  DirectJDKLog.log:168 : Initializing Spring embedded WebApplicationContext
17-02-2026 15:41:15.821 INFO  ServletWebServerApplicationContext.prepareWebApplicationContext:301 : Root WebApplicationContext: initialization completed in 603 ms
17-02-2026 15:41:16.057 INFO  DirectJDKLog.log:168 : Starting ProtocolHandler ["http-nio-8099"]
17-02-2026 15:41:16.077 INFO  TomcatWebServer.start:243 : Tomcat started on port 8099 (http) with context path '/'
17-02-2026 15:41:16.082 INFO  StartupInfoLogger.logStarted:59 : Started UserServiceApplication in 1.33 seconds (process running for 2.056)
17-02-2026 15:42:52.058 INFO  GracefulShutdown.shutDownGracefully:54 : Commencing graceful shutdown. Waiting for active requests to complete
17-02-2026 15:42:52.069 INFO  GracefulShutdown.doShutdown:76 : Graceful shutdown complete
17-02-2026 15:42:54.207 INFO  Version.<clinit>:21 : HV000001: Hibernate Validator 8.0.3.Final
17-02-2026 15:42:54.244 INFO  StartupInfoLogger.logStarting:53 : Starting UserServiceApplication using Java 25.0.1 with PID 33676 (C:\Users\akshay.gill\personal Learnings\FitnessApp\backend-microservices\userservice\userservice\target\classes started by akshay.gill in C:\Users\akshay.gill\personal Learnings\FitnessApp\backend-microservices\userservice\userservice)
17-02-2026 15:42:54.247 DEBUG StartupInfoLogger.logStarting:54 : Running with Spring Boot v3.5.10, Spring v6.2.15
17-02-2026 15:42:54.248 INFO  SpringApplication.logStartupProfileInfo:652 : No active profile set, falling back to 1 default profile: "default"
17-02-2026 15:42:54.923 INFO  TomcatWebServer.initialize:111 : Tomcat initialized with port 8099 (http)
17-02-2026 15:42:54.934 INFO  DirectJDKLog.log:168 : Initializing ProtocolHandler ["http-nio-8099"]
17-02-2026 15:42:54.936 INFO  DirectJDKLog.log:168 : Starting service [Tomcat]
17-02-2026 15:42:54.936 INFO  DirectJDKLog.log:168 : Starting Servlet engine: [Apache Tomcat/10.1.50]
17-02-2026 15:42:54.993 INFO  DirectJDKLog.log:168 : Initializing Spring embedded WebApplicationContext
17-02-2026 15:42:54.994 INFO  ServletWebServerApplicationContext.prepareWebApplicationContext:301 : Root WebApplicationContext: initialization completed in 703 ms
17-02-2026 15:42:55.265 INFO  DirectJDKLog.log:168 : Starting ProtocolHandler ["http-nio-8099"]
17-02-2026 15:42:55.287 INFO  TomcatWebServer.start:243 : Tomcat started on port 8099 (http) with context path '/'
17-02-2026 15:42:55.294 INFO  StartupInfoLogger.logStarted:59 : Started UserServiceApplication in 1.513 seconds (process running for 2.146)
17-02-2026 15:53:35.649 INFO  GracefulShutdown.shutDownGracefully:54 : Commencing graceful shutdown. Waiting for active requests to complete
17-02-2026 15:53:35.660 INFO  GracefulShutdown.doShutdown:76 : Graceful shutdown complete
17-02-2026 15:53:42.840 INFO  Version.<clinit>:21 : HV000001: Hibernate Validator 8.0.3.Final
17-02-2026 15:53:42.880 INFO  StartupInfoLogger.logStarting:53 : Starting UserServiceApplication using Java 25.0.1 with PID 31428 (C:\Users\akshay.gill\personal Learnings\FitnessApp\backend-microservices\userservice\userservice\target\classes started by akshay.gill in C:\Users\akshay.gill\personal Learnings\FitnessApp\backend-microservices\userservice\userservice)
17-02-2026 15:53:42.884 DEBUG StartupInfoLogger.logStarting:54 : Running with Spring Boot v3.5.10, Spring v6.2.15
17-02-2026 15:53:42.885 INFO  SpringApplication.logStartupProfileInfo:652 : No active profile set, falling back to 1 default profile: "default"
17-02-2026 15:53:43.968 INFO  RepositoryConfigurationDelegate.registerRepositoriesIn:145 : Bootstrapping Spring Data JPA repositories in DEFAULT mode.
17-02-2026 15:53:44.014 INFO  RepositoryConfigurationDelegate.registerRepositoriesIn:213 : Finished Spring Data repository scanning in 29 ms. Found 0 JPA repository interfaces.
17-02-2026 15:53:44.637 INFO  TomcatWebServer.initialize:111 : Tomcat initialized with port 8099 (http)
17-02-2026 15:53:44.656 INFO  DirectJDKLog.log:168 : Initializing ProtocolHandler ["http-nio-8099"]
17-02-2026 15:53:44.659 INFO  DirectJDKLog.log:168 : Starting service [Tomcat]
17-02-2026 15:53:44.659 INFO  DirectJDKLog.log:168 : Starting Servlet engine: [Apache Tomcat/10.1.50]
17-02-2026 15:53:44.739 INFO  DirectJDKLog.log:168 : Initializing Spring embedded WebApplicationContext
17-02-2026 15:53:44.741 INFO  ServletWebServerApplicationContext.prepareWebApplicationContext:301 : Root WebApplicationContext: initialization completed in 1813 ms
17-02-2026 15:53:44.952 INFO  HikariDataSource.getConnection:109 : HikariPool-1 - Starting...
17-02-2026 15:53:46.248 INFO  LogHelper.logPersistenceUnitInformation:31 : HHH000204: Processing PersistenceUnitInfo [name: default]
17-02-2026 15:53:46.295 INFO  Version.logVersion:44 : HHH000412: Hibernate ORM core version 6.6.41.Final
17-02-2026 15:53:46.324 INFO  RegionFactoryInitiator.initiateService:50 : HHH000026: Second-level cache disabled
17-02-2026 15:53:46.565 INFO  SpringPersistenceUnitInfo.addTransformer:87 : No LoadTimeWeaver setup: ignoring JPA class transformer
17-02-2026 15:53:46.592 INFO  HikariDataSource.getConnection:109 : HikariPool-1 - Starting...
17-02-2026 15:53:47.670 WARN  SqlExceptionHelper.logExceptions:145 : SQL Error: 0, SQLState: 28P01
17-02-2026 15:53:47.671 ERROR SqlExceptionHelper.logExceptions:150 : FATAL: password authentication failed for user "fitness_user"
17-02-2026 15:53:47.674 WARN  JdbcEnvironmentInitiator.getJdbcEnvironmentUsingJdbcMetadata:403 : HHH000342: Could not obtain connection to query metadata
org.hibernate.exception.GenericJDBCException: unable to obtain isolated JDBC connection [FATAL: password authentication failed for user "fitness_user"] [n/a]
	at org.hibernate.exception.internal.StandardSQLExceptionConverter.convert(StandardSQLExceptionConverter.java:63)
	at org.hibernate.engine.jdbc.spi.SqlExceptionHelper.convert(SqlExceptionHelper.java:108)
	at org.hibernate.engine.jdbc.spi.SqlExceptionHelper.convert(SqlExceptionHelper.java:94)
	at org.hibernate.resource.transaction.backend.jdbc.internal.JdbcIsolationDelegate.delegateWork(JdbcIsolationDelegate.java:116)
	at org.hibernate.engine.jdbc.env.internal.JdbcEnvironmentInitiator.getJdbcEnvironmentUsingJdbcMetadata(JdbcEnvironmentInitiator.java:334)
	at org.hibernate.engine.jdbc.env.internal.JdbcEnvironmentInitiator.initiateService(JdbcEnvironmentInitiator.java:129)
	at org.hibernate.engine.jdbc.env.internal.JdbcEnvironmentInitiator.initiateService(JdbcEnvironmentInitiator.java:81)
	at org.hibernate.boot.registry.internal.StandardServiceRegistryImpl.initiateService(StandardServiceRegistryImpl.java:130)
	at org.hibernate.service.internal.AbstractServiceRegistryImpl.createService(AbstractServiceRegistryImpl.java:263)
	at org.hibernate.service.internal.AbstractServiceRegistryImpl.initializeService(AbstractServiceRegistryImpl.java:238)
	at org.hibernate.service.internal.AbstractServiceRegistryImpl.getService(AbstractServiceRegistryImpl.java:215)
	at org.hibernate.boot.model.relational.Database.<init>(Database.java:45)
	at org.hibernate.boot.internal.InFlightMetadataCollectorImpl.getDatabase(InFlightMetadataCollectorImpl.java:226)
	at org.hibernate.boot.internal.InFlightMetadataCollectorImpl.<init>(InFlightMetadataCollectorImpl.java:194)
	at org.hibernate.boot.model.process.spi.MetadataBuildingProcess.complete(MetadataBuildingProcess.java:171)
	at org.hibernate.jpa.boot.internal.EntityManagerFactoryBuilderImpl.metadata(EntityManagerFactoryBuilderImpl.java:1442)
	at org.hibernate.jpa.boot.internal.EntityManagerFactoryBuilderImpl.build(EntityManagerFactoryBuilderImpl.java:1513)
	at org.springframework.orm.jpa.vendor.SpringHibernateJpaPersistenceProvider.createContainerEntityManagerFactory(SpringHibernateJpaPersistenceProvider.java:66)
	at org.springframework.orm.jpa.LocalContainerEntityManagerFactoryBean.createNativeEntityManagerFactory(LocalContainerEntityManagerFactoryBean.java:390)
	at org.springframework.orm.jpa.AbstractEntityManagerFactoryBean.buildNativeEntityManagerFactory(AbstractEntityManagerFactoryBean.java:419)
	at org.springframework.orm.jpa.AbstractEntityManagerFactoryBean.afterPropertiesSet(AbstractEntityManagerFactoryBean.java:400)
	at org.springframework.orm.jpa.LocalContainerEntityManagerFactoryBean.afterPropertiesSet(LocalContainerEntityManagerFactoryBean.java:366)
	at org.springframework.beans.factory.support.AbstractAutowireCapableBeanFactory.invokeInitMethods(AbstractAutowireCapableBeanFactory.java:1873)
	at org.springframework.beans.factory.support.AbstractAutowireCapableBeanFactory.initializeBean(AbstractAutowireCapableBeanFactory.java:1822)
	at org.springframework.beans.factory.support.AbstractAutowireCapableBeanFactory.doCreateBean(AbstractAutowireCapableBeanFactory.java:607)
	at org.springframework.beans.factory.support.AbstractAutowireCapableBeanFactory.createBean(AbstractAutowireCapableBeanFactory.java:529)
	at org.springframework.beans.factory.support.AbstractBeanFactory.lambda$doGetBean$0(AbstractBeanFactory.java:339)
	at org.springframework.beans.factory.support.DefaultSingletonBeanRegistry.getSingleton(DefaultSingletonBeanRegistry.java:373)
	at org.springframework.beans.factory.support.AbstractBeanFactory.doGetBean(AbstractBeanFactory.java:337)
	at org.springframework.beans.factory.support.AbstractBeanFactory.getBean(AbstractBeanFactory.java:207)
	at org.springframework.context.support.AbstractApplicationContext.finishBeanFactoryInitialization(AbstractApplicationContext.java:973)
	at org.springframework.context.support.AbstractApplicationContext.refresh(AbstractApplicationContext.java:627)
	at org.springframework.boot.web.servlet.context.ServletWebServerApplicationContext.refresh(ServletWebServerApplicationContext.java:146)
	at org.springframework.boot.SpringApplication.refresh(SpringApplication.java:752)
	at org.springframework.boot.SpringApplication.refreshContext(SpringApplication.java:439)
	at org.springframework.boot.SpringApplication.run(SpringApplication.java:318)
	at org.springframework.boot.SpringApplication.run(SpringApplication.java:1361)
	at org.springframework.boot.SpringApplication.run(SpringApplication.java:1350)
	at com.fitness.userservice.UserServiceApplication.main(UserServiceApplication.java:10)
Caused by: org.postgresql.util.PSQLException: FATAL: password authentication failed for user "fitness_user"
	at org.postgresql.core.v3.ConnectionFactoryImpl.doAuthentication(ConnectionFactoryImpl.java:778)
	at org.postgresql.core.v3.ConnectionFactoryImpl.tryConnect(ConnectionFactoryImpl.java:234)
	at org.postgresql.core.v3.ConnectionFactoryImpl.openConnectionImpl(ConnectionFactoryImpl.java:289)
	at org.postgresql.core.ConnectionFactory.openConnection(ConnectionFactory.java:57)
	at org.postgresql.jdbc.PgConnection.<init>(PgConnection.java:290)
	at org.postgresql.Driver.makeConnection(Driver.java:448)
	at org.postgresql.Driver.connect(Driver.java:298)
	at com.zaxxer.hikari.util.DriverDataSource.getConnection(DriverDataSource.java:144)
	at com.zaxxer.hikari.pool.PoolBase.newConnection(PoolBase.java:370)
	at com.zaxxer.hikari.pool.PoolBase.newPoolEntry(PoolBase.java:207)
	at com.zaxxer.hikari.pool.HikariPool.createPoolEntry(HikariPool.java:488)
	at com.zaxxer.hikari.pool.HikariPool.checkFailFast(HikariPool.java:576)
	at com.zaxxer.hikari.pool.HikariPool.<init>(HikariPool.java:97)
	at com.zaxxer.hikari.HikariDataSource.getConnection(HikariDataSource.java:111)
	at org.hibernate.engine.jdbc.connections.internal.DatasourceConnectionProviderImpl.getConnection(DatasourceConnectionProviderImpl.java:126)
	at org.hibernate.engine.jdbc.env.internal.JdbcEnvironmentInitiator$ConnectionProviderJdbcConnectionAccess.obtainConnection(JdbcEnvironmentInitiator.java:485)
	at org.hibernate.resource.transaction.backend.jdbc.internal.JdbcIsolationDelegate.delegateWork(JdbcIsolationDelegate.java:61)
	... 35 more
17-02-2026 15:53:47.677 ERROR AbstractEntityManagerFactoryBean.buildNativeEntityManagerFactory:436 : Failed to initialize JPA EntityManagerFactory: Unable to create requested service [org.hibernate.engine.jdbc.env.spi.JdbcEnvironment] due to: Unable to determine Dialect without JDBC metadata (please set 'jakarta.persistence.jdbc.url' for common cases or 'hibernate.dialect' when a custom Dialect implementation must be provided)
17-02-2026 15:53:47.680 WARN  AbstractApplicationContext.refresh:635 : Exception encountered during context initialization - cancelling refresh attempt: org.springframework.beans.factory.BeanCreationException: Error creating bean with name 'entityManagerFactory' defined in class path resource [org/springframework/boot/autoconfigure/orm/jpa/HibernateJpaConfiguration.class]: Unable to create requested service [org.hibernate.engine.jdbc.env.spi.JdbcEnvironment] due to: Unable to determine Dialect without JDBC metadata (please set 'jakarta.persistence.jdbc.url' for common cases or 'hibernate.dialect' when a custom Dialect implementation must be provided)
17-02-2026 15:53:47.686 INFO  DirectJDKLog.log:168 : Stopping service [Tomcat]
17-02-2026 15:53:47.709 INFO  ConditionEvaluationReportLogger.logMessage:82 : 

Error starting ApplicationContext. To display the condition evaluation report re-run your application with 'debug' enabled.
17-02-2026 15:53:47.722 ERROR SpringApplication.reportFailure:857 : Application run failed
org.springframework.beans.factory.BeanCreationException: Error creating bean with name 'entityManagerFactory' defined in class path resource [org/springframework/boot/autoconfigure/orm/jpa/HibernateJpaConfiguration.class]: Unable to create requested service [org.hibernate.engine.jdbc.env.spi.JdbcEnvironment] due to: Unable to determine Dialect without JDBC metadata (please set 'jakarta.persistence.jdbc.url' for common cases or 'hibernate.dialect' when a custom Dialect implementation must be provided)
	at org.springframework.beans.factory.support.AbstractAutowireCapableBeanFactory.initializeBean(AbstractAutowireCapableBeanFactory.java:1826)
	at org.springframework.beans.factory.support.AbstractAutowireCapableBeanFactory.doCreateBean(AbstractAutowireCapableBeanFactory.java:607)
	at org.springframework.beans.factory.support.AbstractAutowireCapableBeanFactory.createBean(AbstractAutowireCapableBeanFactory.java:529)
	at org.springframework.beans.factory.support.AbstractBeanFactory.lambda$doGetBean$0(AbstractBeanFactory.java:339)
	at org.springframework.beans.factory.support.DefaultSingletonBeanRegistry.getSingleton(DefaultSingletonBeanRegistry.java:373)
	at org.springframework.beans.factory.support.AbstractBeanFactory.doGetBean(AbstractBeanFactory.java:337)
	at org.springframework.beans.factory.support.AbstractBeanFactory.getBean(AbstractBeanFactory.java:207)
	at org.springframework.context.support.AbstractApplicationContext.finishBeanFactoryInitialization(AbstractApplicationContext.java:973)
	at org.springframework.context.support.AbstractApplicationContext.refresh(AbstractApplicationContext.java:627)
	at org.springframework.boot.web.servlet.context.ServletWebServerApplicationContext.refresh(ServletWebServerApplicationContext.java:146)
	at org.springframework.boot.SpringApplication.refresh(SpringApplication.java:752)
	at org.springframework.boot.SpringApplication.refreshContext(SpringApplication.java:439)
	at org.springframework.boot.SpringApplication.run(SpringApplication.java:318)
	at org.springframework.boot.SpringApplication.run(SpringApplication.java:1361)
	at org.springframework.boot.SpringApplication.run(SpringApplication.java:1350)
	at com.fitness.userservice.UserServiceApplication.main(UserServiceApplication.java:10)
Caused by: org.hibernate.service.spi.ServiceException: Unable to create requested service [org.hibernate.engine.jdbc.env.spi.JdbcEnvironment] due to: Unable to determine Dialect without JDBC metadata (please set 'jakarta.persistence.jdbc.url' for common cases or 'hibernate.dialect' when a custom Dialect implementation must be provided)
	at org.hibernate.service.internal.AbstractServiceRegistryImpl.createService(AbstractServiceRegistryImpl.java:276)
	at org.hibernate.service.internal.AbstractServiceRegistryImpl.initializeService(AbstractServiceRegistryImpl.java:238)
	at org.hibernate.service.internal.AbstractServiceRegistryImpl.getService(AbstractServiceRegistryImpl.java:215)
	at org.hibernate.boot.model.relational.Database.<init>(Database.java:45)
	at org.hibernate.boot.internal.InFlightMetadataCollectorImpl.getDatabase(InFlightMetadataCollectorImpl.java:226)
	at org.hibernate.boot.internal.InFlightMetadataCollectorImpl.<init>(InFlightMetadataCollectorImpl.java:194)
	at org.hibernate.boot.model.process.spi.MetadataBuildingProcess.complete(MetadataBuildingProcess.java:171)
	at org.hibernate.jpa.boot.internal.EntityManagerFactoryBuilderImpl.metadata(EntityManagerFactoryBuilderImpl.java:1442)
	at org.hibernate.jpa.boot.internal.EntityManagerFactoryBuilderImpl.build(EntityManagerFactoryBuilderImpl.java:1513)
	at org.springframework.orm.jpa.vendor.SpringHibernateJpaPersistenceProvider.createContainerEntityManagerFactory(SpringHibernateJpaPersistenceProvider.java:66)
	at org.springframework.orm.jpa.LocalContainerEntityManagerFactoryBean.createNativeEntityManagerFactory(LocalContainerEntityManagerFactoryBean.java:390)
	at org.springframework.orm.jpa.AbstractEntityManagerFactoryBean.buildNativeEntityManagerFactory(AbstractEntityManagerFactoryBean.java:419)
	at org.springframework.orm.jpa.AbstractEntityManagerFactoryBean.afterPropertiesSet(AbstractEntityManagerFactoryBean.java:400)
	at org.springframework.orm.jpa.LocalContainerEntityManagerFactoryBean.afterPropertiesSet(LocalContainerEntityManagerFactoryBean.java:366)
	at org.springframework.beans.factory.support.AbstractAutowireCapableBeanFactory.invokeInitMethods(AbstractAutowireCapableBeanFactory.java:1873)
	at org.springframework.beans.factory.support.AbstractAutowireCapableBeanFactory.initializeBean(AbstractAutowireCapableBeanFactory.java:1822)
	... 15 more
Caused by: org.hibernate.HibernateException: Unable to determine Dialect without JDBC metadata (please set 'jakarta.persistence.jdbc.url' for common cases or 'hibernate.dialect' when a custom Dialect implementation must be provided)
	at org.hibernate.engine.jdbc.dialect.internal.DialectFactoryImpl.determineDialect(DialectFactoryImpl.java:191)
	at org.hibernate.engine.jdbc.dialect.internal.DialectFactoryImpl.buildDialect(DialectFactoryImpl.java:87)
	at org.hibernate.engine.jdbc.env.internal.JdbcEnvironmentInitiator.getJdbcEnvironmentWithDefaults(JdbcEnvironmentInitiator.java:186)
	at org.hibernate.engine.jdbc.env.internal.JdbcEnvironmentInitiator.getJdbcEnvironmentUsingJdbcMetadata(JdbcEnvironmentInitiator.java:410)
	at org.hibernate.engine.jdbc.env.internal.JdbcEnvironmentInitiator.initiateService(JdbcEnvironmentInitiator.java:129)
	at org.hibernate.engine.jdbc.env.internal.JdbcEnvironmentInitiator.initiateService(JdbcEnvironmentInitiator.java:81)
	at org.hibernate.boot.registry.internal.StandardServiceRegistryImpl.initiateService(StandardServiceRegistryImpl.java:130)
	at org.hibernate.service.internal.AbstractServiceRegistryImpl.createService(AbstractServiceRegistryImpl.java:263)
	... 30 more
17-02-2026 15:55:27.618 INFO  Version.<clinit>:21 : HV000001: Hibernate Validator 8.0.3.Final
17-02-2026 15:55:27.663 INFO  StartupInfoLogger.logStarting:53 : Starting UserServiceApplication using Java 25.0.1 with PID 33508 (C:\Users\akshay.gill\personal Learnings\FitnessApp\backend-microservices\userservice\userservice\target\classes started by akshay.gill in C:\Users\akshay.gill\personal Learnings\FitnessApp\backend-microservices\userservice\userservice)
17-02-2026 15:55:27.667 DEBUG StartupInfoLogger.logStarting:54 : Running with Spring Boot v3.5.10, Spring v6.2.15
17-02-2026 15:55:27.668 INFO  SpringApplication.logStartupProfileInfo:652 : No active profile set, falling back to 1 default profile: "default"
17-02-2026 15:55:28.254 INFO  RepositoryConfigurationDelegate.registerRepositoriesIn:145 : Bootstrapping Spring Data JPA repositories in DEFAULT mode.
17-02-2026 15:55:28.278 INFO  RepositoryConfigurationDelegate.registerRepositoriesIn:213 : Finished Spring Data repository scanning in 15 ms. Found 0 JPA repository interfaces.
17-02-2026 15:55:28.646 INFO  TomcatWebServer.initialize:111 : Tomcat initialized with port 8099 (http)
17-02-2026 15:55:28.658 INFO  DirectJDKLog.log:168 : Initializing ProtocolHandler ["http-nio-8099"]
17-02-2026 15:55:28.659 INFO  DirectJDKLog.log:168 : Starting service [Tomcat]
17-02-2026 15:55:28.660 INFO  DirectJDKLog.log:168 : Starting Servlet engine: [Apache Tomcat/10.1.50]
17-02-2026 15:55:28.712 INFO  DirectJDKLog.log:168 : Initializing Spring embedded WebApplicationContext
17-02-2026 15:55:28.713 INFO  ServletWebServerApplicationContext.prepareWebApplicationContext:301 : Root WebApplicationContext: initialization completed in 1005 ms
17-02-2026 15:55:28.838 INFO  LogHelper.logPersistenceUnitInformation:31 : HHH000204: Processing PersistenceUnitInfo [name: default]
17-02-2026 15:55:28.882 INFO  Version.logVersion:44 : HHH000412: Hibernate ORM core version 6.6.41.Final
17-02-2026 15:55:28.914 INFO  RegionFactoryInitiator.initiateService:50 : HHH000026: Second-level cache disabled
17-02-2026 15:55:29.163 INFO  SpringPersistenceUnitInfo.addTransformer:87 : No LoadTimeWeaver setup: ignoring JPA class transformer
17-02-2026 15:55:29.195 INFO  HikariDataSource.getConnection:109 : HikariPool-1 - Starting...
17-02-2026 15:55:30.331 WARN  SqlExceptionHelper.logExceptions:145 : SQL Error: 0, SQLState: 28P01
17-02-2026 15:55:30.332 ERROR SqlExceptionHelper.logExceptions:150 : FATAL: password authentication failed for user "fitness_user"
17-02-2026 15:55:30.334 WARN  JdbcEnvironmentInitiator.getJdbcEnvironmentUsingJdbcMetadata:403 : HHH000342: Could not obtain connection to query metadata
org.hibernate.exception.GenericJDBCException: unable to obtain isolated JDBC connection [FATAL: password authentication failed for user "fitness_user"] [n/a]
	at org.hibernate.exception.internal.StandardSQLExceptionConverter.convert(StandardSQLExceptionConverter.java:63)
	at org.hibernate.engine.jdbc.spi.SqlExceptionHelper.convert(SqlExceptionHelper.java:108)
	at org.hibernate.engine.jdbc.spi.SqlExceptionHelper.convert(SqlExceptionHelper.java:94)
	at org.hibernate.resource.transaction.backend.jdbc.internal.JdbcIsolationDelegate.delegateWork(JdbcIsolationDelegate.java:116)
	at org.hibernate.engine.jdbc.env.internal.JdbcEnvironmentInitiator.getJdbcEnvironmentUsingJdbcMetadata(JdbcEnvironmentInitiator.java:334)
	at org.hibernate.engine.jdbc.env.internal.JdbcEnvironmentInitiator.initiateService(JdbcEnvironmentInitiator.java:129)
	at org.hibernate.engine.jdbc.env.internal.JdbcEnvironmentInitiator.initiateService(JdbcEnvironmentInitiator.java:81)
	at org.hibernate.boot.registry.internal.StandardServiceRegistryImpl.initiateService(StandardServiceRegistryImpl.java:130)
	at org.hibernate.service.internal.AbstractServiceRegistryImpl.createService(AbstractServiceRegistryImpl.java:263)
	at org.hibernate.service.internal.AbstractServiceRegistryImpl.initializeService(AbstractServiceRegistryImpl.java:238)
	at org.hibernate.service.internal.AbstractServiceRegistryImpl.getService(AbstractServiceRegistryImpl.java:215)
	at org.hibernate.boot.model.relational.Database.<init>(Database.java:45)
	at org.hibernate.boot.internal.InFlightMetadataCollectorImpl.getDatabase(InFlightMetadataCollectorImpl.java:226)
	at org.hibernate.boot.internal.InFlightMetadataCollectorImpl.<init>(InFlightMetadataCollectorImpl.java:194)
	at org.hibernate.boot.model.process.spi.MetadataBuildingProcess.complete(MetadataBuildingProcess.java:171)
	at org.hibernate.jpa.boot.internal.EntityManagerFactoryBuilderImpl.metadata(EntityManagerFactoryBuilderImpl.java:1442)
	at org.hibernate.jpa.boot.internal.EntityManagerFactoryBuilderImpl.build(EntityManagerFactoryBuilderImpl.java:1513)
	at org.springframework.orm.jpa.vendor.SpringHibernateJpaPersistenceProvider.createContainerEntityManagerFactory(SpringHibernateJpaPersistenceProvider.java:66)
	at org.springframework.orm.jpa.LocalContainerEntityManagerFactoryBean.createNativeEntityManagerFactory(LocalContainerEntityManagerFactoryBean.java:390)
	at org.springframework.orm.jpa.AbstractEntityManagerFactoryBean.buildNativeEntityManagerFactory(AbstractEntityManagerFactoryBean.java:419)
	at org.springframework.orm.jpa.AbstractEntityManagerFactoryBean.afterPropertiesSet(AbstractEntityManagerFactoryBean.java:400)
	at org.springframework.orm.jpa.LocalContainerEntityManagerFactoryBean.afterPropertiesSet(LocalContainerEntityManagerFactoryBean.java:366)
	at org.springframework.beans.factory.support.AbstractAutowireCapableBeanFactory.invokeInitMethods(AbstractAutowireCapableBeanFactory.java:1873)
	at org.springframework.beans.factory.support.AbstractAutowireCapableBeanFactory.initializeBean(AbstractAutowireCapableBeanFactory.java:1822)
	at org.springframework.beans.factory.support.AbstractAutowireCapableBeanFactory.doCreateBean(AbstractAutowireCapableBeanFactory.java:607)
	at org.springframework.beans.factory.support.AbstractAutowireCapableBeanFactory.createBean(AbstractAutowireCapableBeanFactory.java:529)
	at org.springframework.beans.factory.support.AbstractBeanFactory.lambda$doGetBean$0(AbstractBeanFactory.java:339)
	at org.springframework.beans.factory.support.DefaultSingletonBeanRegistry.getSingleton(DefaultSingletonBeanRegistry.java:373)
	at org.springframework.beans.factory.support.AbstractBeanFactory.doGetBean(AbstractBeanFactory.java:337)
	at org.springframework.beans.factory.support.AbstractBeanFactory.getBean(AbstractBeanFactory.java:207)
	at org.springframework.context.support.AbstractApplicationContext.finishBeanFactoryInitialization(AbstractApplicationContext.java:973)
	at org.springframework.context.support.AbstractApplicationContext.refresh(AbstractApplicationContext.java:627)
	at org.springframework.boot.web.servlet.context.ServletWebServerApplicationContext.refresh(ServletWebServerApplicationContext.java:146)
	at org.springframework.boot.SpringApplication.refresh(SpringApplication.java:752)
	at org.springframework.boot.SpringApplication.refreshContext(SpringApplication.java:439)
	at org.springframework.boot.SpringApplication.run(SpringApplication.java:318)
	at org.springframework.boot.SpringApplication.run(SpringApplication.java:1361)
	at org.springframework.boot.SpringApplication.run(SpringApplication.java:1350)
	at com.fitness.userservice.UserServiceApplication.main(UserServiceApplication.java:10)
Caused by: org.postgresql.util.PSQLException: FATAL: password authentication failed for user "fitness_user"
	at org.postgresql.core.v3.ConnectionFactoryImpl.doAuthentication(ConnectionFactoryImpl.java:778)
	at org.postgresql.core.v3.ConnectionFactoryImpl.tryConnect(ConnectionFactoryImpl.java:234)
	at org.postgresql.core.v3.ConnectionFactoryImpl.openConnectionImpl(ConnectionFactoryImpl.java:289)
	at org.postgresql.core.ConnectionFactory.openConnection(ConnectionFactory.java:57)
	at org.postgresql.jdbc.PgConnection.<init>(PgConnection.java:290)
	at org.postgresql.Driver.makeConnection(Driver.java:448)
	at org.postgresql.Driver.connect(Driver.java:298)
	at com.zaxxer.hikari.util.DriverDataSource.getConnection(DriverDataSource.java:144)
	at com.zaxxer.hikari.pool.PoolBase.newConnection(PoolBase.java:370)
	at com.zaxxer.hikari.pool.PoolBase.newPoolEntry(PoolBase.java:207)
	at com.zaxxer.hikari.pool.HikariPool.createPoolEntry(HikariPool.java:488)
	at com.zaxxer.hikari.pool.HikariPool.checkFailFast(HikariPool.java:576)
	at com.zaxxer.hikari.pool.HikariPool.<init>(HikariPool.java:97)
	at com.zaxxer.hikari.HikariDataSource.getConnection(HikariDataSource.java:111)
	at org.hibernate.engine.jdbc.connections.internal.DatasourceConnectionProviderImpl.getConnection(DatasourceConnectionProviderImpl.java:126)
	at org.hibernate.engine.jdbc.env.internal.JdbcEnvironmentInitiator$ConnectionProviderJdbcConnectionAccess.obtainConnection(JdbcEnvironmentInitiator.java:485)
	at org.hibernate.resource.transaction.backend.jdbc.internal.JdbcIsolationDelegate.delegateWork(JdbcIsolationDelegate.java:61)
	... 35 more
17-02-2026 15:55:30.365 WARN  DialectFactoryImpl.constructDialect:153 : HHH90000025: PostgreSQLDialect does not need to be specified explicitly using 'hibernate.dialect' (remove the property setting and it will be selected by default)
17-02-2026 15:55:30.374 INFO  JdbcEnvironmentInitiator.logConnectionInfo:163 : HHH10001005: Database info:
	Database JDBC URL [Connecting through datasource 'HikariDataSource (null)']
	Database driver: undefined/unknown
	Database version: 12.0
	Autocommit mode: undefined/unknown
	Isolation level: undefined/unknown
	Minimum pool size: undefined/unknown
	Maximum pool size: undefined/unknown
17-02-2026 15:55:31.076 INFO  JtaPlatformInitiator.initiateService:59 : HHH000489: No JTA platform available (set 'hibernate.transaction.jta.platform' to enable JTA platform integration)
17-02-2026 15:55:31.093 INFO  HikariDataSource.getConnection:109 : HikariPool-1 - Starting...
17-02-2026 15:55:32.176 WARN  SqlExceptionHelper.logExceptions:145 : SQL Error: 0, SQLState: 28P01
17-02-2026 15:55:32.177 ERROR SqlExceptionHelper.logExceptions:150 : FATAL: password authentication failed for user "fitness_user"
17-02-2026 15:55:32.187 ERROR AbstractEntityManagerFactoryBean.buildNativeEntityManagerFactory:436 : Failed to initialize JPA EntityManagerFactory: [PersistenceUnit: default] Unable to build Hibernate SessionFactory; nested exception is org.hibernate.exception.GenericJDBCException: Unable to open JDBC Connection for DDL execution [FATAL: password authentication failed for user "fitness_user"] [n/a]
17-02-2026 15:55:32.189 WARN  AbstractApplicationContext.refresh:635 : Exception encountered during context initialization - cancelling refresh attempt: org.springframework.beans.factory.BeanCreationException: Error creating bean with name 'entityManagerFactory' defined in class path resource [org/springframework/boot/autoconfigure/orm/jpa/HibernateJpaConfiguration.class]: [PersistenceUnit: default] Unable to build Hibernate SessionFactory; nested exception is org.hibernate.exception.GenericJDBCException: Unable to open JDBC Connection for DDL execution [FATAL: password authentication failed for user "fitness_user"] [n/a]
17-02-2026 15:55:32.193 INFO  DirectJDKLog.log:168 : Stopping service [Tomcat]
17-02-2026 15:55:32.207 INFO  ConditionEvaluationReportLogger.logMessage:82 : 

Error starting ApplicationContext. To display the condition evaluation report re-run your application with 'debug' enabled.
17-02-2026 15:55:32.223 ERROR SpringApplication.reportFailure:857 : Application run failed
org.springframework.beans.factory.BeanCreationException: Error creating bean with name 'entityManagerFactory' defined in class path resource [org/springframework/boot/autoconfigure/orm/jpa/HibernateJpaConfiguration.class]: [PersistenceUnit: default] Unable to build Hibernate SessionFactory; nested exception is org.hibernate.exception.GenericJDBCException: Unable to open JDBC Connection for DDL execution [FATAL: password authentication failed for user "fitness_user"] [n/a]
	at org.springframework.beans.factory.support.AbstractAutowireCapableBeanFactory.initializeBean(AbstractAutowireCapableBeanFactory.java:1826)
	at org.springframework.beans.factory.support.AbstractAutowireCapableBeanFactory.doCreateBean(AbstractAutowireCapableBeanFactory.java:607)
	at org.springframework.beans.factory.support.AbstractAutowireCapableBeanFactory.createBean(AbstractAutowireCapableBeanFactory.java:529)
	at org.springframework.beans.factory.support.AbstractBeanFactory.lambda$doGetBean$0(AbstractBeanFactory.java:339)
	at org.springframework.beans.factory.support.DefaultSingletonBeanRegistry.getSingleton(DefaultSingletonBeanRegistry.java:373)
	at org.springframework.beans.factory.support.AbstractBeanFactory.doGetBean(AbstractBeanFactory.java:337)
	at org.springframework.beans.factory.support.AbstractBeanFactory.getBean(AbstractBeanFactory.java:207)
	at org.springframework.context.support.AbstractApplicationContext.finishBeanFactoryInitialization(AbstractApplicationContext.java:973)
	at org.springframework.context.support.AbstractApplicationContext.refresh(AbstractApplicationContext.java:627)
	at org.springframework.boot.web.servlet.context.ServletWebServerApplicationContext.refresh(ServletWebServerApplicationContext.java:146)
	at org.springframework.boot.SpringApplication.refresh(SpringApplication.java:752)
	at org.springframework.boot.SpringApplication.refreshContext(SpringApplication.java:439)
	at org.springframework.boot.SpringApplication.run(SpringApplication.java:318)
	at org.springframework.boot.SpringApplication.run(SpringApplication.java:1361)
	at org.springframework.boot.SpringApplication.run(SpringApplication.java:1350)
	at com.fitness.userservice.UserServiceApplication.main(UserServiceApplication.java:10)
Caused by: jakarta.persistence.PersistenceException: [PersistenceUnit: default] Unable to build Hibernate SessionFactory; nested exception is org.hibernate.exception.GenericJDBCException: Unable to open JDBC Connection for DDL execution [FATAL: password authentication failed for user "fitness_user"] [n/a]
	at org.springframework.orm.jpa.AbstractEntityManagerFactoryBean.buildNativeEntityManagerFactory(AbstractEntityManagerFactoryBean.java:431)
	at org.springframework.orm.jpa.AbstractEntityManagerFactoryBean.afterPropertiesSet(AbstractEntityManagerFactoryBean.java:400)
	at org.springframework.orm.jpa.LocalContainerEntityManagerFactoryBean.afterPropertiesSet(LocalContainerEntityManagerFactoryBean.java:366)
	at org.springframework.beans.factory.support.AbstractAutowireCapableBeanFactory.invokeInitMethods(AbstractAutowireCapableBeanFactory.java:1873)
	at org.springframework.beans.factory.support.AbstractAutowireCapableBeanFactory.initializeBean(AbstractAutowireCapableBeanFactory.java:1822)
	... 15 more
Caused by: org.hibernate.exception.GenericJDBCException: Unable to open JDBC Connection for DDL execution [FATAL: password authentication failed for user "fitness_user"] [n/a]
	at org.hibernate.exception.internal.StandardSQLExceptionConverter.convert(StandardSQLExceptionConverter.java:63)
	at org.hibernate.engine.jdbc.spi.SqlExceptionHelper.convert(SqlExceptionHelper.java:108)
	at org.hibernate.engine.jdbc.spi.SqlExceptionHelper.convert(SqlExceptionHelper.java:94)
	at org.hibernate.resource.transaction.backend.jdbc.internal.DdlTransactionIsolatorNonJtaImpl.getIsolatedConnection(DdlTransactionIsolatorNonJtaImpl.java:74)
	at org.hibernate.resource.transaction.backend.jdbc.internal.DdlTransactionIsolatorNonJtaImpl.getIsolatedConnection(DdlTransactionIsolatorNonJtaImpl.java:39)
	at org.hibernate.tool.schema.internal.exec.ImprovedExtractionContextImpl.getJdbcConnection(ImprovedExtractionContextImpl.java:63)
	at org.hibernate.tool.schema.extract.spi.ExtractionContext.getQueryResults(ExtractionContext.java:43)
	at org.hibernate.tool.schema.extract.internal.SequenceInformationExtractorLegacyImpl.extractMetadata(SequenceInformationExtractorLegacyImpl.java:39)
	at org.hibernate.tool.schema.extract.internal.DatabaseInformationImpl.initializeSequences(DatabaseInformationImpl.java:66)
	at org.hibernate.tool.schema.extract.internal.DatabaseInformationImpl.<init>(DatabaseInformationImpl.java:60)
	at org.hibernate.tool.schema.internal.Helper.buildDatabaseInformation(Helper.java:185)
	at org.hibernate.tool.schema.internal.AbstractSchemaMigrator.doMigration(AbstractSchemaMigrator.java:93)
	at org.hibernate.tool.schema.spi.SchemaManagementToolCoordinator.performDatabaseAction(SchemaManagementToolCoordinator.java:280)
	at org.hibernate.tool.schema.spi.SchemaManagementToolCoordinator.lambda$process$5(SchemaManagementToolCoordinator.java:144)
	at java.base/java.util.HashMap.forEach(HashMap.java:1430)
	at org.hibernate.tool.schema.spi.SchemaManagementToolCoordinator.process(SchemaManagementToolCoordinator.java:141)
	at org.hibernate.boot.internal.SessionFactoryObserverForSchemaExport.sessionFactoryCreated(SessionFactoryObserverForSchemaExport.java:37)
	at org.hibernate.internal.SessionFactoryObserverChain.sessionFactoryCreated(SessionFactoryObserverChain.java:35)
	at org.hibernate.internal.SessionFactoryImpl.<init>(SessionFactoryImpl.java:324)
	at org.hibernate.boot.internal.SessionFactoryBuilderImpl.build(SessionFactoryBuilderImpl.java:463)
	at org.hibernate.jpa.boot.internal.EntityManagerFactoryBuilderImpl.build(EntityManagerFactoryBuilderImpl.java:1517)
	at org.springframework.orm.jpa.vendor.SpringHibernateJpaPersistenceProvider.createContainerEntityManagerFactory(SpringHibernateJpaPersistenceProvider.java:66)
	at org.springframework.orm.jpa.LocalContainerEntityManagerFactoryBean.createNativeEntityManagerFactory(LocalContainerEntityManagerFactoryBean.java:390)
	at org.springframework.orm.jpa.AbstractEntityManagerFactoryBean.buildNativeEntityManagerFactory(AbstractEntityManagerFactoryBean.java:419)
	... 19 more
Caused by: org.postgresql.util.PSQLException: FATAL: password authentication failed for user "fitness_user"
	at org.postgresql.core.v3.ConnectionFactoryImpl.doAuthentication(ConnectionFactoryImpl.java:778)
	at org.postgresql.core.v3.ConnectionFactoryImpl.tryConnect(ConnectionFactoryImpl.java:234)
	at org.postgresql.core.v3.ConnectionFactoryImpl.openConnectionImpl(ConnectionFactoryImpl.java:289)
	at org.postgresql.core.ConnectionFactory.openConnection(ConnectionFactory.java:57)
	at org.postgresql.jdbc.PgConnection.<init>(PgConnection.java:290)
	at org.postgresql.Driver.makeConnection(Driver.java:448)
	at org.postgresql.Driver.connect(Driver.java:298)
	at com.zaxxer.hikari.util.DriverDataSource.getConnection(DriverDataSource.java:144)
	at com.zaxxer.hikari.pool.PoolBase.newConnection(PoolBase.java:370)
	at com.zaxxer.hikari.pool.PoolBase.newPoolEntry(PoolBase.java:207)
	at com.zaxxer.hikari.pool.HikariPool.createPoolEntry(HikariPool.java:488)
	at com.zaxxer.hikari.pool.HikariPool.checkFailFast(HikariPool.java:576)
	at com.zaxxer.hikari.pool.HikariPool.<init>(HikariPool.java:97)
	at com.zaxxer.hikari.HikariDataSource.getConnection(HikariDataSource.java:111)
	at org.hibernate.engine.jdbc.connections.internal.DatasourceConnectionProviderImpl.getConnection(DatasourceConnectionProviderImpl.java:126)
	at org.hibernate.engine.jdbc.env.internal.JdbcEnvironmentInitiator$ConnectionProviderJdbcConnectionAccess.obtainConnection(JdbcEnvironmentInitiator.java:485)
	at org.hibernate.resource.transaction.backend.jdbc.internal.DdlTransactionIsolatorNonJtaImpl.getIsolatedConnection(DdlTransactionIsolatorNonJtaImpl.java:46)
	... 39 more
17-02-2026 15:56:13.980 INFO  Version.<clinit>:21 : HV000001: Hibernate Validator 8.0.3.Final
17-02-2026 15:56:14.019 INFO  StartupInfoLogger.logStarting:53 : Starting UserServiceApplication using Java 25.0.1 with PID 25788 (C:\Users\akshay.gill\personal Learnings\FitnessApp\backend-microservices\userservice\userservice\target\classes started by akshay.gill in C:\Users\akshay.gill\personal Learnings\FitnessApp\backend-microservices\userservice\userservice)
17-02-2026 15:56:14.023 DEBUG StartupInfoLogger.logStarting:54 : Running with Spring Boot v3.5.10, Spring v6.2.15
17-02-2026 15:56:14.024 INFO  SpringApplication.logStartupProfileInfo:652 : No active profile set, falling back to 1 default profile: "default"
17-02-2026 15:56:14.651 INFO  RepositoryConfigurationDelegate.registerRepositoriesIn:145 : Bootstrapping Spring Data JPA repositories in DEFAULT mode.
17-02-2026 15:56:14.674 INFO  RepositoryConfigurationDelegate.registerRepositoriesIn:213 : Finished Spring Data repository scanning in 14 ms. Found 0 JPA repository interfaces.
17-02-2026 15:56:15.069 INFO  TomcatWebServer.initialize:111 : Tomcat initialized with port 8099 (http)
17-02-2026 15:56:15.082 INFO  DirectJDKLog.log:168 : Initializing ProtocolHandler ["http-nio-8099"]
17-02-2026 15:56:15.084 INFO  DirectJDKLog.log:168 : Starting service [Tomcat]
17-02-2026 15:56:15.085 INFO  DirectJDKLog.log:168 : Starting Servlet engine: [Apache Tomcat/10.1.50]
17-02-2026 15:56:15.135 INFO  DirectJDKLog.log:168 : Initializing Spring embedded WebApplicationContext
17-02-2026 15:56:15.136 INFO  ServletWebServerApplicationContext.prepareWebApplicationContext:301 : Root WebApplicationContext: initialization completed in 1072 ms
17-02-2026 15:56:15.283 INFO  LogHelper.logPersistenceUnitInformation:31 : HHH000204: Processing PersistenceUnitInfo [name: default]
17-02-2026 15:56:15.327 INFO  Version.logVersion:44 : HHH000412: Hibernate ORM core version 6.6.41.Final
17-02-2026 15:56:15.360 INFO  RegionFactoryInitiator.initiateService:50 : HHH000026: Second-level cache disabled
17-02-2026 15:56:15.598 INFO  SpringPersistenceUnitInfo.addTransformer:87 : No LoadTimeWeaver setup: ignoring JPA class transformer
17-02-2026 15:56:15.623 INFO  HikariDataSource.getConnection:109 : HikariPool-1 - Starting...
17-02-2026 15:56:16.852 WARN  SqlExceptionHelper.logExceptions:145 : SQL Error: 0, SQLState: 28P01
17-02-2026 15:56:16.852 ERROR SqlExceptionHelper.logExceptions:150 : FATAL: password authentication failed for user "fitness_user"
17-02-2026 15:56:16.854 WARN  JdbcEnvironmentInitiator.getJdbcEnvironmentUsingJdbcMetadata:403 : HHH000342: Could not obtain connection to query metadata
org.hibernate.exception.GenericJDBCException: unable to obtain isolated JDBC connection [FATAL: password authentication failed for user "fitness_user"] [n/a]
	at org.hibernate.exception.internal.StandardSQLExceptionConverter.convert(StandardSQLExceptionConverter.java:63)
	at org.hibernate.engine.jdbc.spi.SqlExceptionHelper.convert(SqlExceptionHelper.java:108)
	at org.hibernate.engine.jdbc.spi.SqlExceptionHelper.convert(SqlExceptionHelper.java:94)
	at org.hibernate.resource.transaction.backend.jdbc.internal.JdbcIsolationDelegate.delegateWork(JdbcIsolationDelegate.java:116)
	at org.hibernate.engine.jdbc.env.internal.JdbcEnvironmentInitiator.getJdbcEnvironmentUsingJdbcMetadata(JdbcEnvironmentInitiator.java:334)
	at org.hibernate.engine.jdbc.env.internal.JdbcEnvironmentInitiator.initiateService(JdbcEnvironmentInitiator.java:129)
	at org.hibernate.engine.jdbc.env.internal.JdbcEnvironmentInitiator.initiateService(JdbcEnvironmentInitiator.java:81)
	at org.hibernate.boot.registry.internal.StandardServiceRegistryImpl.initiateService(StandardServiceRegistryImpl.java:130)
	at org.hibernate.service.internal.AbstractServiceRegistryImpl.createService(AbstractServiceRegistryImpl.java:263)
	at org.hibernate.service.internal.AbstractServiceRegistryImpl.initializeService(AbstractServiceRegistryImpl.java:238)
	at org.hibernate.service.internal.AbstractServiceRegistryImpl.getService(AbstractServiceRegistryImpl.java:215)
	at org.hibernate.boot.model.relational.Database.<init>(Database.java:45)
	at org.hibernate.boot.internal.InFlightMetadataCollectorImpl.getDatabase(InFlightMetadataCollectorImpl.java:226)
	at org.hibernate.boot.internal.InFlightMetadataCollectorImpl.<init>(InFlightMetadataCollectorImpl.java:194)
	at org.hibernate.boot.model.process.spi.MetadataBuildingProcess.complete(MetadataBuildingProcess.java:171)
	at org.hibernate.jpa.boot.internal.EntityManagerFactoryBuilderImpl.metadata(EntityManagerFactoryBuilderImpl.java:1442)
	at org.hibernate.jpa.boot.internal.EntityManagerFactoryBuilderImpl.build(EntityManagerFactoryBuilderImpl.java:1513)
	at org.springframework.orm.jpa.vendor.SpringHibernateJpaPersistenceProvider.createContainerEntityManagerFactory(SpringHibernateJpaPersistenceProvider.java:66)
	at org.springframework.orm.jpa.LocalContainerEntityManagerFactoryBean.createNativeEntityManagerFactory(LocalContainerEntityManagerFactoryBean.java:390)
	at org.springframework.orm.jpa.AbstractEntityManagerFactoryBean.buildNativeEntityManagerFactory(AbstractEntityManagerFactoryBean.java:419)
	at org.springframework.orm.jpa.AbstractEntityManagerFactoryBean.afterPropertiesSet(AbstractEntityManagerFactoryBean.java:400)
	at org.springframework.orm.jpa.LocalContainerEntityManagerFactoryBean.afterPropertiesSet(LocalContainerEntityManagerFactoryBean.java:366)
	at org.springframework.beans.factory.support.AbstractAutowireCapableBeanFactory.invokeInitMethods(AbstractAutowireCapableBeanFactory.java:1873)
	at org.springframework.beans.factory.support.AbstractAutowireCapableBeanFactory.initializeBean(AbstractAutowireCapableBeanFactory.java:1822)
	at org.springframework.beans.factory.support.AbstractAutowireCapableBeanFactory.doCreateBean(AbstractAutowireCapableBeanFactory.java:607)
	at org.springframework.beans.factory.support.AbstractAutowireCapableBeanFactory.createBean(AbstractAutowireCapableBeanFactory.java:529)
	at org.springframework.beans.factory.support.AbstractBeanFactory.lambda$doGetBean$0(AbstractBeanFactory.java:339)
	at org.springframework.beans.factory.support.DefaultSingletonBeanRegistry.getSingleton(DefaultSingletonBeanRegistry.java:373)
	at org.springframework.beans.factory.support.AbstractBeanFactory.doGetBean(AbstractBeanFactory.java:337)
	at org.springframework.beans.factory.support.AbstractBeanFactory.getBean(AbstractBeanFactory.java:207)
	at org.springframework.context.support.AbstractApplicationContext.finishBeanFactoryInitialization(AbstractApplicationContext.java:973)
	at org.springframework.context.support.AbstractApplicationContext.refresh(AbstractApplicationContext.java:627)
	at org.springframework.boot.web.servlet.context.ServletWebServerApplicationContext.refresh(ServletWebServerApplicationContext.java:146)
	at org.springframework.boot.SpringApplication.refresh(SpringApplication.java:752)
	at org.springframework.boot.SpringApplication.refreshContext(SpringApplication.java:439)
	at org.springframework.boot.SpringApplication.run(SpringApplication.java:318)
	at org.springframework.boot.SpringApplication.run(SpringApplication.java:1361)
	at org.springframework.boot.SpringApplication.run(SpringApplication.java:1350)
	at com.fitness.userservice.UserServiceApplication.main(UserServiceApplication.java:10)
Caused by: org.postgresql.util.PSQLException: FATAL: password authentication failed for user "fitness_user"
	at org.postgresql.core.v3.ConnectionFactoryImpl.doAuthentication(ConnectionFactoryImpl.java:778)
	at org.postgresql.core.v3.ConnectionFactoryImpl.tryConnect(ConnectionFactoryImpl.java:234)
	at org.postgresql.core.v3.ConnectionFactoryImpl.openConnectionImpl(ConnectionFactoryImpl.java:289)
	at org.postgresql.core.ConnectionFactory.openConnection(ConnectionFactory.java:57)
	at org.postgresql.jdbc.PgConnection.<init>(PgConnection.java:290)
	at org.postgresql.Driver.makeConnection(Driver.java:448)
	at org.postgresql.Driver.connect(Driver.java:298)
	at com.zaxxer.hikari.util.DriverDataSource.getConnection(DriverDataSource.java:144)
	at com.zaxxer.hikari.pool.PoolBase.newConnection(PoolBase.java:370)
	at com.zaxxer.hikari.pool.PoolBase.newPoolEntry(PoolBase.java:207)
	at com.zaxxer.hikari.pool.HikariPool.createPoolEntry(HikariPool.java:488)
	at com.zaxxer.hikari.pool.HikariPool.checkFailFast(HikariPool.java:576)
	at com.zaxxer.hikari.pool.HikariPool.<init>(HikariPool.java:97)
	at com.zaxxer.hikari.HikariDataSource.getConnection(HikariDataSource.java:111)
	at org.hibernate.engine.jdbc.connections.internal.DatasourceConnectionProviderImpl.getConnection(DatasourceConnectionProviderImpl.java:126)
	at org.hibernate.engine.jdbc.env.internal.JdbcEnvironmentInitiator$ConnectionProviderJdbcConnectionAccess.obtainConnection(JdbcEnvironmentInitiator.java:485)
	at org.hibernate.resource.transaction.backend.jdbc.internal.JdbcIsolationDelegate.delegateWork(JdbcIsolationDelegate.java:61)
	... 35 more
17-02-2026 15:56:16.871 WARN  DialectFactoryImpl.constructDialect:153 : HHH90000025: PostgreSQLDialect does not need to be specified explicitly using 'hibernate.dialect' (remove the property setting and it will be selected by default)
17-02-2026 15:56:16.882 INFO  JdbcEnvironmentInitiator.logConnectionInfo:163 : HHH10001005: Database info:
	Database JDBC URL [Connecting through datasource 'HikariDataSource (null)']
	Database driver: undefined/unknown
	Database version: 12.0
	Autocommit mode: undefined/unknown
	Isolation level: undefined/unknown
	Minimum pool size: undefined/unknown
	Maximum pool size: undefined/unknown
17-02-2026 15:56:17.511 INFO  JtaPlatformInitiator.initiateService:59 : HHH000489: No JTA platform available (set 'hibernate.transaction.jta.platform' to enable JTA platform integration)
17-02-2026 15:56:17.526 INFO  HikariDataSource.getConnection:109 : HikariPool-1 - Starting...
17-02-2026 15:56:18.597 WARN  SqlExceptionHelper.logExceptions:145 : SQL Error: 0, SQLState: 28P01
17-02-2026 15:56:18.598 ERROR SqlExceptionHelper.logExceptions:150 : FATAL: password authentication failed for user "fitness_user"
17-02-2026 15:56:18.610 ERROR AbstractEntityManagerFactoryBean.buildNativeEntityManagerFactory:436 : Failed to initialize JPA EntityManagerFactory: [PersistenceUnit: default] Unable to build Hibernate SessionFactory; nested exception is org.hibernate.exception.GenericJDBCException: Unable to open JDBC Connection for DDL execution [FATAL: password authentication failed for user "fitness_user"] [n/a]
17-02-2026 15:56:18.611 WARN  AbstractApplicationContext.refresh:635 : Exception encountered during context initialization - cancelling refresh attempt: org.springframework.beans.factory.BeanCreationException: Error creating bean with name 'entityManagerFactory' defined in class path resource [org/springframework/boot/autoconfigure/orm/jpa/HibernateJpaConfiguration.class]: [PersistenceUnit: default] Unable to build Hibernate SessionFactory; nested exception is org.hibernate.exception.GenericJDBCException: Unable to open JDBC Connection for DDL execution [FATAL: password authentication failed for user "fitness_user"] [n/a]
17-02-2026 15:56:18.615 INFO  DirectJDKLog.log:168 : Stopping service [Tomcat]
17-02-2026 15:56:18.623 INFO  ConditionEvaluationReportLogger.logMessage:82 : 

Error starting ApplicationContext. To display the condition evaluation report re-run your application with 'debug' enabled.
17-02-2026 15:56:18.638 ERROR SpringApplication.reportFailure:857 : Application run failed
org.springframework.beans.factory.BeanCreationException: Error creating bean with name 'entityManagerFactory' defined in class path resource [org/springframework/boot/autoconfigure/orm/jpa/HibernateJpaConfiguration.class]: [PersistenceUnit: default] Unable to build Hibernate SessionFactory; nested exception is org.hibernate.exception.GenericJDBCException: Unable to open JDBC Connection for DDL execution [FATAL: password authentication failed for user "fitness_user"] [n/a]
	at org.springframework.beans.factory.support.AbstractAutowireCapableBeanFactory.initializeBean(AbstractAutowireCapableBeanFactory.java:1826)
	at org.springframework.beans.factory.support.AbstractAutowireCapableBeanFactory.doCreateBean(AbstractAutowireCapableBeanFactory.java:607)
	at org.springframework.beans.factory.support.AbstractAutowireCapableBeanFactory.createBean(AbstractAutowireCapableBeanFactory.java:529)
	at org.springframework.beans.factory.support.AbstractBeanFactory.lambda$doGetBean$0(AbstractBeanFactory.java:339)
	at org.springframework.beans.factory.support.DefaultSingletonBeanRegistry.getSingleton(DefaultSingletonBeanRegistry.java:373)
	at org.springframework.beans.factory.support.AbstractBeanFactory.doGetBean(AbstractBeanFactory.java:337)
	at org.springframework.beans.factory.support.AbstractBeanFactory.getBean(AbstractBeanFactory.java:207)
	at org.springframework.context.support.AbstractApplicationContext.finishBeanFactoryInitialization(AbstractApplicationContext.java:973)
	at org.springframework.context.support.AbstractApplicationContext.refresh(AbstractApplicationContext.java:627)
	at org.springframework.boot.web.servlet.context.ServletWebServerApplicationContext.refresh(ServletWebServerApplicationContext.java:146)
	at org.springframework.boot.SpringApplication.refresh(SpringApplication.java:752)
	at org.springframework.boot.SpringApplication.refreshContext(SpringApplication.java:439)
	at org.springframework.boot.SpringApplication.run(SpringApplication.java:318)
	at org.springframework.boot.SpringApplication.run(SpringApplication.java:1361)
	at org.springframework.boot.SpringApplication.run(SpringApplication.java:1350)
	at com.fitness.userservice.UserServiceApplication.main(UserServiceApplication.java:10)
Caused by: jakarta.persistence.PersistenceException: [PersistenceUnit: default] Unable to build Hibernate SessionFactory; nested exception is org.hibernate.exception.GenericJDBCException: Unable to open JDBC Connection for DDL execution [FATAL: password authentication failed for user "fitness_user"] [n/a]
	at org.springframework.orm.jpa.AbstractEntityManagerFactoryBean.buildNativeEntityManagerFactory(AbstractEntityManagerFactoryBean.java:431)
	at org.springframework.orm.jpa.AbstractEntityManagerFactoryBean.afterPropertiesSet(AbstractEntityManagerFactoryBean.java:400)
	at org.springframework.orm.jpa.LocalContainerEntityManagerFactoryBean.afterPropertiesSet(LocalContainerEntityManagerFactoryBean.java:366)
	at org.springframework.beans.factory.support.AbstractAutowireCapableBeanFactory.invokeInitMethods(AbstractAutowireCapableBeanFactory.java:1873)
	at org.springframework.beans.factory.support.AbstractAutowireCapableBeanFactory.initializeBean(AbstractAutowireCapableBeanFactory.java:1822)
	... 15 more
Caused by: org.hibernate.exception.GenericJDBCException: Unable to open JDBC Connection for DDL execution [FATAL: password authentication failed for user "fitness_user"] [n/a]
	at org.hibernate.exception.internal.StandardSQLExceptionConverter.convert(StandardSQLExceptionConverter.java:63)
	at org.hibernate.engine.jdbc.spi.SqlExceptionHelper.convert(SqlExceptionHelper.java:108)
	at org.hibernate.engine.jdbc.spi.SqlExceptionHelper.convert(SqlExceptionHelper.java:94)
	at org.hibernate.resource.transaction.backend.jdbc.internal.DdlTransactionIsolatorNonJtaImpl.getIsolatedConnection(DdlTransactionIsolatorNonJtaImpl.java:74)
	at org.hibernate.resource.transaction.backend.jdbc.internal.DdlTransactionIsolatorNonJtaImpl.getIsolatedConnection(DdlTransactionIsolatorNonJtaImpl.java:39)
	at org.hibernate.tool.schema.internal.exec.ImprovedExtractionContextImpl.getJdbcConnection(ImprovedExtractionContextImpl.java:63)
	at org.hibernate.tool.schema.extract.spi.ExtractionContext.getQueryResults(ExtractionContext.java:43)
	at org.hibernate.tool.schema.extract.internal.SequenceInformationExtractorLegacyImpl.extractMetadata(SequenceInformationExtractorLegacyImpl.java:39)
	at org.hibernate.tool.schema.extract.internal.DatabaseInformationImpl.initializeSequences(DatabaseInformationImpl.java:66)
	at org.hibernate.tool.schema.extract.internal.DatabaseInformationImpl.<init>(DatabaseInformationImpl.java:60)
	at org.hibernate.tool.schema.internal.Helper.buildDatabaseInformation(Helper.java:185)
	at org.hibernate.tool.schema.internal.AbstractSchemaMigrator.doMigration(AbstractSchemaMigrator.java:93)
	at org.hibernate.tool.schema.spi.SchemaManagementToolCoordinator.performDatabaseAction(SchemaManagementToolCoordinator.java:280)
	at org.hibernate.tool.schema.spi.SchemaManagementToolCoordinator.lambda$process$5(SchemaManagementToolCoordinator.java:144)
	at java.base/java.util.HashMap.forEach(HashMap.java:1430)
	at org.hibernate.tool.schema.spi.SchemaManagementToolCoordinator.process(SchemaManagementToolCoordinator.java:141)
	at org.hibernate.boot.internal.SessionFactoryObserverForSchemaExport.sessionFactoryCreated(SessionFactoryObserverForSchemaExport.java:37)
	at org.hibernate.internal.SessionFactoryObserverChain.sessionFactoryCreated(SessionFactoryObserverChain.java:35)
	at org.hibernate.internal.SessionFactoryImpl.<init>(SessionFactoryImpl.java:324)
	at org.hibernate.boot.internal.SessionFactoryBuilderImpl.build(SessionFactoryBuilderImpl.java:463)
	at org.hibernate.jpa.boot.internal.EntityManagerFactoryBuilderImpl.build(EntityManagerFactoryBuilderImpl.java:1517)
	at org.springframework.orm.jpa.vendor.SpringHibernateJpaPersistenceProvider.createContainerEntityManagerFactory(SpringHibernateJpaPersistenceProvider.java:66)
	at org.springframework.orm.jpa.LocalContainerEntityManagerFactoryBean.createNativeEntityManagerFactory(LocalContainerEntityManagerFactoryBean.java:390)
	at org.springframework.orm.jpa.AbstractEntityManagerFactoryBean.buildNativeEntityManagerFactory(AbstractEntityManagerFactoryBean.java:419)
	... 19 more
Caused by: org.postgresql.util.PSQLException: FATAL: password authentication failed for user "fitness_user"
	at org.postgresql.core.v3.ConnectionFactoryImpl.doAuthentication(ConnectionFactoryImpl.java:778)
	at org.postgresql.core.v3.ConnectionFactoryImpl.tryConnect(ConnectionFactoryImpl.java:234)
	at org.postgresql.core.v3.ConnectionFactoryImpl.openConnectionImpl(ConnectionFactoryImpl.java:289)
	at org.postgresql.core.ConnectionFactory.openConnection(ConnectionFactory.java:57)
	at org.postgresql.jdbc.PgConnection.<init>(PgConnection.java:290)
	at org.postgresql.Driver.makeConnection(Driver.java:448)
	at org.postgresql.Driver.connect(Driver.java:298)
	at com.zaxxer.hikari.util.DriverDataSource.getConnection(DriverDataSource.java:144)
	at com.zaxxer.hikari.pool.PoolBase.newConnection(PoolBase.java:370)
	at com.zaxxer.hikari.pool.PoolBase.newPoolEntry(PoolBase.java:207)
	at com.zaxxer.hikari.pool.HikariPool.createPoolEntry(HikariPool.java:488)
	at com.zaxxer.hikari.pool.HikariPool.checkFailFast(HikariPool.java:576)
	at com.zaxxer.hikari.pool.HikariPool.<init>(HikariPool.java:97)
	at com.zaxxer.hikari.HikariDataSource.getConnection(HikariDataSource.java:111)
	at org.hibernate.engine.jdbc.connections.internal.DatasourceConnectionProviderImpl.getConnection(DatasourceConnectionProviderImpl.java:126)
	at org.hibernate.engine.jdbc.env.internal.JdbcEnvironmentInitiator$ConnectionProviderJdbcConnectionAccess.obtainConnection(JdbcEnvironmentInitiator.java:485)
	at org.hibernate.resource.transaction.backend.jdbc.internal.DdlTransactionIsolatorNonJtaImpl.getIsolatedConnection(DdlTransactionIsolatorNonJtaImpl.java:46)
	... 39 more
17-02-2026 15:56:23.059 INFO  Version.<clinit>:21 : HV000001: Hibernate Validator 8.0.3.Final
17-02-2026 15:56:23.107 INFO  StartupInfoLogger.logStarting:53 : Starting UserServiceApplication using Java 25.0.1 with PID 15160 (C:\Users\akshay.gill\personal Learnings\FitnessApp\backend-microservices\userservice\userservice\target\classes started by akshay.gill in C:\Users\akshay.gill\personal Learnings\FitnessApp\backend-microservices\userservice\userservice)
17-02-2026 15:56:23.112 DEBUG StartupInfoLogger.logStarting:54 : Running with Spring Boot v3.5.10, Spring v6.2.15
17-02-2026 15:56:23.115 INFO  SpringApplication.logStartupProfileInfo:652 : No active profile set, falling back to 1 default profile: "default"
17-02-2026 15:56:23.680 INFO  RepositoryConfigurationDelegate.registerRepositoriesIn:145 : Bootstrapping Spring Data JPA repositories in DEFAULT mode.
17-02-2026 15:56:23.696 INFO  RepositoryConfigurationDelegate.registerRepositoriesIn:213 : Finished Spring Data repository scanning in 10 ms. Found 0 JPA repository interfaces.
17-02-2026 15:56:24.131 INFO  TomcatWebServer.initialize:111 : Tomcat initialized with port 8099 (http)
17-02-2026 15:56:24.147 INFO  DirectJDKLog.log:168 : Initializing ProtocolHandler ["http-nio-8099"]
17-02-2026 15:56:24.149 INFO  DirectJDKLog.log:168 : Starting service [Tomcat]
17-02-2026 15:56:24.149 INFO  DirectJDKLog.log:168 : Starting Servlet engine: [Apache Tomcat/10.1.50]
17-02-2026 15:56:24.212 INFO  DirectJDKLog.log:168 : Initializing Spring embedded WebApplicationContext
17-02-2026 15:56:24.214 INFO  ServletWebServerApplicationContext.prepareWebApplicationContext:301 : Root WebApplicationContext: initialization completed in 1060 ms
17-02-2026 15:56:24.454 INFO  LogHelper.logPersistenceUnitInformation:31 : HHH000204: Processing PersistenceUnitInfo [name: default]
17-02-2026 15:56:24.525 INFO  Version.logVersion:44 : HHH000412: Hibernate ORM core version 6.6.41.Final
17-02-2026 15:56:24.579 INFO  RegionFactoryInitiator.initiateService:50 : HHH000026: Second-level cache disabled
17-02-2026 15:56:24.998 INFO  SpringPersistenceUnitInfo.addTransformer:87 : No LoadTimeWeaver setup: ignoring JPA class transformer
17-02-2026 15:56:25.045 INFO  HikariDataSource.getConnection:109 : HikariPool-1 - Starting...
17-02-2026 15:56:26.298 WARN  SqlExceptionHelper.logExceptions:145 : SQL Error: 0, SQLState: 28P01
17-02-2026 15:56:26.299 ERROR SqlExceptionHelper.logExceptions:150 : FATAL: password authentication failed for user "fitness_user_db"
17-02-2026 15:56:26.301 WARN  JdbcEnvironmentInitiator.getJdbcEnvironmentUsingJdbcMetadata:403 : HHH000342: Could not obtain connection to query metadata
org.hibernate.exception.GenericJDBCException: unable to obtain isolated JDBC connection [FATAL: password authentication failed for user "fitness_user_db"] [n/a]
	at org.hibernate.exception.internal.StandardSQLExceptionConverter.convert(StandardSQLExceptionConverter.java:63)
	at org.hibernate.engine.jdbc.spi.SqlExceptionHelper.convert(SqlExceptionHelper.java:108)
	at org.hibernate.engine.jdbc.spi.SqlExceptionHelper.convert(SqlExceptionHelper.java:94)
	at org.hibernate.resource.transaction.backend.jdbc.internal.JdbcIsolationDelegate.delegateWork(JdbcIsolationDelegate.java:116)
	at org.hibernate.engine.jdbc.env.internal.JdbcEnvironmentInitiator.getJdbcEnvironmentUsingJdbcMetadata(JdbcEnvironmentInitiator.java:334)
	at org.hibernate.engine.jdbc.env.internal.JdbcEnvironmentInitiator.initiateService(JdbcEnvironmentInitiator.java:129)
	at org.hibernate.engine.jdbc.env.internal.JdbcEnvironmentInitiator.initiateService(JdbcEnvironmentInitiator.java:81)
	at org.hibernate.boot.registry.internal.StandardServiceRegistryImpl.initiateService(StandardServiceRegistryImpl.java:130)
	at org.hibernate.service.internal.AbstractServiceRegistryImpl.createService(AbstractServiceRegistryImpl.java:263)
	at org.hibernate.service.internal.AbstractServiceRegistryImpl.initializeService(AbstractServiceRegistryImpl.java:238)
	at org.hibernate.service.internal.AbstractServiceRegistryImpl.getService(AbstractServiceRegistryImpl.java:215)
	at org.hibernate.boot.model.relational.Database.<init>(Database.java:45)
	at org.hibernate.boot.internal.InFlightMetadataCollectorImpl.getDatabase(InFlightMetadataCollectorImpl.java:226)
	at org.hibernate.boot.internal.InFlightMetadataCollectorImpl.<init>(InFlightMetadataCollectorImpl.java:194)
	at org.hibernate.boot.model.process.spi.MetadataBuildingProcess.complete(MetadataBuildingProcess.java:171)
	at org.hibernate.jpa.boot.internal.EntityManagerFactoryBuilderImpl.metadata(EntityManagerFactoryBuilderImpl.java:1442)
	at org.hibernate.jpa.boot.internal.EntityManagerFactoryBuilderImpl.build(EntityManagerFactoryBuilderImpl.java:1513)
	at org.springframework.orm.jpa.vendor.SpringHibernateJpaPersistenceProvider.createContainerEntityManagerFactory(SpringHibernateJpaPersistenceProvider.java:66)
	at org.springframework.orm.jpa.LocalContainerEntityManagerFactoryBean.createNativeEntityManagerFactory(LocalContainerEntityManagerFactoryBean.java:390)
	at org.springframework.orm.jpa.AbstractEntityManagerFactoryBean.buildNativeEntityManagerFactory(AbstractEntityManagerFactoryBean.java:419)
	at org.springframework.orm.jpa.AbstractEntityManagerFactoryBean.afterPropertiesSet(AbstractEntityManagerFactoryBean.java:400)
	at org.springframework.orm.jpa.LocalContainerEntityManagerFactoryBean.afterPropertiesSet(LocalContainerEntityManagerFactoryBean.java:366)
	at org.springframework.beans.factory.support.AbstractAutowireCapableBeanFactory.invokeInitMethods(AbstractAutowireCapableBeanFactory.java:1873)
	at org.springframework.beans.factory.support.AbstractAutowireCapableBeanFactory.initializeBean(AbstractAutowireCapableBeanFactory.java:1822)
	at org.springframework.beans.factory.support.AbstractAutowireCapableBeanFactory.doCreateBean(AbstractAutowireCapableBeanFactory.java:607)
	at org.springframework.beans.factory.support.AbstractAutowireCapableBeanFactory.createBean(AbstractAutowireCapableBeanFactory.java:529)
	at org.springframework.beans.factory.support.AbstractBeanFactory.lambda$doGetBean$0(AbstractBeanFactory.java:339)
	at org.springframework.beans.factory.support.DefaultSingletonBeanRegistry.getSingleton(DefaultSingletonBeanRegistry.java:373)
	at org.springframework.beans.factory.support.AbstractBeanFactory.doGetBean(AbstractBeanFactory.java:337)
	at org.springframework.beans.factory.support.AbstractBeanFactory.getBean(AbstractBeanFactory.java:207)
	at org.springframework.context.support.AbstractApplicationContext.finishBeanFactoryInitialization(AbstractApplicationContext.java:973)
	at org.springframework.context.support.AbstractApplicationContext.refresh(AbstractApplicationContext.java:627)
	at org.springframework.boot.web.servlet.context.ServletWebServerApplicationContext.refresh(ServletWebServerApplicationContext.java:146)
	at org.springframework.boot.SpringApplication.refresh(SpringApplication.java:752)
	at org.springframework.boot.SpringApplication.refreshContext(SpringApplication.java:439)
	at org.springframework.boot.SpringApplication.run(SpringApplication.java:318)
	at org.springframework.boot.SpringApplication.run(SpringApplication.java:1361)
	at org.springframework.boot.SpringApplication.run(SpringApplication.java:1350)
	at com.fitness.userservice.UserServiceApplication.main(UserServiceApplication.java:10)
Caused by: org.postgresql.util.PSQLException: FATAL: password authentication failed for user "fitness_user_db"
	at org.postgresql.core.v3.ConnectionFactoryImpl.doAuthentication(ConnectionFactoryImpl.java:778)
	at org.postgresql.core.v3.ConnectionFactoryImpl.tryConnect(ConnectionFactoryImpl.java:234)
	at org.postgresql.core.v3.ConnectionFactoryImpl.openConnectionImpl(ConnectionFactoryImpl.java:289)
	at org.postgresql.core.ConnectionFactory.openConnection(ConnectionFactory.java:57)
	at org.postgresql.jdbc.PgConnection.<init>(PgConnection.java:290)
	at org.postgresql.Driver.makeConnection(Driver.java:448)
	at org.postgresql.Driver.connect(Driver.java:298)
	at com.zaxxer.hikari.util.DriverDataSource.getConnection(DriverDataSource.java:144)
	at com.zaxxer.hikari.pool.PoolBase.newConnection(PoolBase.java:370)
	at com.zaxxer.hikari.pool.PoolBase.newPoolEntry(PoolBase.java:207)
	at com.zaxxer.hikari.pool.HikariPool.createPoolEntry(HikariPool.java:488)
	at com.zaxxer.hikari.pool.HikariPool.checkFailFast(HikariPool.java:576)
	at com.zaxxer.hikari.pool.HikariPool.<init>(HikariPool.java:97)
	at com.zaxxer.hikari.HikariDataSource.getConnection(HikariDataSource.java:111)
	at org.hibernate.engine.jdbc.connections.internal.DatasourceConnectionProviderImpl.getConnection(DatasourceConnectionProviderImpl.java:126)
	at org.hibernate.engine.jdbc.env.internal.JdbcEnvironmentInitiator$ConnectionProviderJdbcConnectionAccess.obtainConnection(JdbcEnvironmentInitiator.java:485)
	at org.hibernate.resource.transaction.backend.jdbc.internal.JdbcIsolationDelegate.delegateWork(JdbcIsolationDelegate.java:61)
	... 35 more
17-02-2026 15:56:26.334 WARN  DialectFactoryImpl.constructDialect:153 : HHH90000025: PostgreSQLDialect does not need to be specified explicitly using 'hibernate.dialect' (remove the property setting and it will be selected by default)
17-02-2026 15:56:26.355 INFO  JdbcEnvironmentInitiator.logConnectionInfo:163 : HHH10001005: Database info:
	Database JDBC URL [Connecting through datasource 'HikariDataSource (null)']
	Database driver: undefined/unknown
	Database version: 12.0
	Autocommit mode: undefined/unknown
	Isolation level: undefined/unknown
	Minimum pool size: undefined/unknown
	Maximum pool size: undefined/unknown
17-02-2026 15:56:27.265 INFO  JtaPlatformInitiator.initiateService:59 : HHH000489: No JTA platform available (set 'hibernate.transaction.jta.platform' to enable JTA platform integration)
17-02-2026 15:56:27.286 INFO  HikariDataSource.getConnection:109 : HikariPool-1 - Starting...
17-02-2026 15:56:28.371 WARN  SqlExceptionHelper.logExceptions:145 : SQL Error: 0, SQLState: 28P01
17-02-2026 15:56:28.372 ERROR SqlExceptionHelper.logExceptions:150 : FATAL: password authentication failed for user "fitness_user_db"
17-02-2026 15:56:28.382 ERROR AbstractEntityManagerFactoryBean.buildNativeEntityManagerFactory:436 : Failed to initialize JPA EntityManagerFactory: [PersistenceUnit: default] Unable to build Hibernate SessionFactory; nested exception is org.hibernate.exception.GenericJDBCException: Unable to open JDBC Connection for DDL execution [FATAL: password authentication failed for user "fitness_user_db"] [n/a]
17-02-2026 15:56:28.383 WARN  AbstractApplicationContext.refresh:635 : Exception encountered during context initialization - cancelling refresh attempt: org.springframework.beans.factory.BeanCreationException: Error creating bean with name 'entityManagerFactory' defined in class path resource [org/springframework/boot/autoconfigure/orm/jpa/HibernateJpaConfiguration.class]: [PersistenceUnit: default] Unable to build Hibernate SessionFactory; nested exception is org.hibernate.exception.GenericJDBCException: Unable to open JDBC Connection for DDL execution [FATAL: password authentication failed for user "fitness_user_db"] [n/a]
17-02-2026 15:56:28.387 INFO  DirectJDKLog.log:168 : Stopping service [Tomcat]
17-02-2026 15:56:28.402 INFO  ConditionEvaluationReportLogger.logMessage:82 : 

Error starting ApplicationContext. To display the condition evaluation report re-run your application with 'debug' enabled.
17-02-2026 15:56:28.416 ERROR SpringApplication.reportFailure:857 : Application run failed
org.springframework.beans.factory.BeanCreationException: Error creating bean with name 'entityManagerFactory' defined in class path resource [org/springframework/boot/autoconfigure/orm/jpa/HibernateJpaConfiguration.class]: [PersistenceUnit: default] Unable to build Hibernate SessionFactory; nested exception is org.hibernate.exception.GenericJDBCException: Unable to open JDBC Connection for DDL execution [FATAL: password authentication failed for user "fitness_user_db"] [n/a]
	at org.springframework.beans.factory.support.AbstractAutowireCapableBeanFactory.initializeBean(AbstractAutowireCapableBeanFactory.java:1826)
	at org.springframework.beans.factory.support.AbstractAutowireCapableBeanFactory.doCreateBean(AbstractAutowireCapableBeanFactory.java:607)
	at org.springframework.beans.factory.support.AbstractAutowireCapableBeanFactory.createBean(AbstractAutowireCapableBeanFactory.java:529)
	at org.springframework.beans.factory.support.AbstractBeanFactory.lambda$doGetBean$0(AbstractBeanFactory.java:339)
	at org.springframework.beans.factory.support.DefaultSingletonBeanRegistry.getSingleton(DefaultSingletonBeanRegistry.java:373)
	at org.springframework.beans.factory.support.AbstractBeanFactory.doGetBean(AbstractBeanFactory.java:337)
	at org.springframework.beans.factory.support.AbstractBeanFactory.getBean(AbstractBeanFactory.java:207)
	at org.springframework.context.support.AbstractApplicationContext.finishBeanFactoryInitialization(AbstractApplicationContext.java:973)
	at org.springframework.context.support.AbstractApplicationContext.refresh(AbstractApplicationContext.java:627)
	at org.springframework.boot.web.servlet.context.ServletWebServerApplicationContext.refresh(ServletWebServerApplicationContext.java:146)
	at org.springframework.boot.SpringApplication.refresh(SpringApplication.java:752)
	at org.springframework.boot.SpringApplication.refreshContext(SpringApplication.java:439)
	at org.springframework.boot.SpringApplication.run(SpringApplication.java:318)
	at org.springframework.boot.SpringApplication.run(SpringApplication.java:1361)
	at org.springframework.boot.SpringApplication.run(SpringApplication.java:1350)
	at com.fitness.userservice.UserServiceApplication.main(UserServiceApplication.java:10)
Caused by: jakarta.persistence.PersistenceException: [PersistenceUnit: default] Unable to build Hibernate SessionFactory; nested exception is org.hibernate.exception.GenericJDBCException: Unable to open JDBC Connection for DDL execution [FATAL: password authentication failed for user "fitness_user_db"] [n/a]
	at org.springframework.orm.jpa.AbstractEntityManagerFactoryBean.buildNativeEntityManagerFactory(AbstractEntityManagerFactoryBean.java:431)
	at org.springframework.orm.jpa.AbstractEntityManagerFactoryBean.afterPropertiesSet(AbstractEntityManagerFactoryBean.java:400)
	at org.springframework.orm.jpa.LocalContainerEntityManagerFactoryBean.afterPropertiesSet(LocalContainerEntityManagerFactoryBean.java:366)
	at org.springframework.beans.factory.support.AbstractAutowireCapableBeanFactory.invokeInitMethods(AbstractAutowireCapableBeanFactory.java:1873)
	at org.springframework.beans.factory.support.AbstractAutowireCapableBeanFactory.initializeBean(AbstractAutowireCapableBeanFactory.java:1822)
	... 15 more
Caused by: org.hibernate.exception.GenericJDBCException: Unable to open JDBC Connection for DDL execution [FATAL: password authentication failed for user "fitness_user_db"] [n/a]
	at org.hibernate.exception.internal.StandardSQLExceptionConverter.convert(StandardSQLExceptionConverter.java:63)
	at org.hibernate.engine.jdbc.spi.SqlExceptionHelper.convert(SqlExceptionHelper.java:108)
	at org.hibernate.engine.jdbc.spi.SqlExceptionHelper.convert(SqlExceptionHelper.java:94)
	at org.hibernate.resource.transaction.backend.jdbc.internal.DdlTransactionIsolatorNonJtaImpl.getIsolatedConnection(DdlTransactionIsolatorNonJtaImpl.java:74)
	at org.hibernate.resource.transaction.backend.jdbc.internal.DdlTransactionIsolatorNonJtaImpl.getIsolatedConnection(DdlTransactionIsolatorNonJtaImpl.java:39)
	at org.hibernate.tool.schema.internal.exec.ImprovedExtractionContextImpl.getJdbcConnection(ImprovedExtractionContextImpl.java:63)
	at org.hibernate.tool.schema.extract.spi.ExtractionContext.getQueryResults(ExtractionContext.java:43)
	at org.hibernate.tool.schema.extract.internal.SequenceInformationExtractorLegacyImpl.extractMetadata(SequenceInformationExtractorLegacyImpl.java:39)
	at org.hibernate.tool.schema.extract.internal.DatabaseInformationImpl.initializeSequences(DatabaseInformationImpl.java:66)
	at org.hibernate.tool.schema.extract.internal.DatabaseInformationImpl.<init>(DatabaseInformationImpl.java:60)
	at org.hibernate.tool.schema.internal.Helper.buildDatabaseInformation(Helper.java:185)
	at org.hibernate.tool.schema.internal.AbstractSchemaMigrator.doMigration(AbstractSchemaMigrator.java:93)
	at org.hibernate.tool.schema.spi.SchemaManagementToolCoordinator.performDatabaseAction(SchemaManagementToolCoordinator.java:280)
	at org.hibernate.tool.schema.spi.SchemaManagementToolCoordinator.lambda$process$5(SchemaManagementToolCoordinator.java:144)
	at java.base/java.util.HashMap.forEach(HashMap.java:1430)
	at org.hibernate.tool.schema.spi.SchemaManagementToolCoordinator.process(SchemaManagementToolCoordinator.java:141)
	at org.hibernate.boot.internal.SessionFactoryObserverForSchemaExport.sessionFactoryCreated(SessionFactoryObserverForSchemaExport.java:37)
	at org.hibernate.internal.SessionFactoryObserverChain.sessionFactoryCreated(SessionFactoryObserverChain.java:35)
	at org.hibernate.internal.SessionFactoryImpl.<init>(SessionFactoryImpl.java:324)
	at org.hibernate.boot.internal.SessionFactoryBuilderImpl.build(SessionFactoryBuilderImpl.java:463)
	at org.hibernate.jpa.boot.internal.EntityManagerFactoryBuilderImpl.build(EntityManagerFactoryBuilderImpl.java:1517)
	at org.springframework.orm.jpa.vendor.SpringHibernateJpaPersistenceProvider.createContainerEntityManagerFactory(SpringHibernateJpaPersistenceProvider.java:66)
	at org.springframework.orm.jpa.LocalContainerEntityManagerFactoryBean.createNativeEntityManagerFactory(LocalContainerEntityManagerFactoryBean.java:390)
	at org.springframework.orm.jpa.AbstractEntityManagerFactoryBean.buildNativeEntityManagerFactory(AbstractEntityManagerFactoryBean.java:419)
	... 19 more
Caused by: org.postgresql.util.PSQLException: FATAL: password authentication failed for user "fitness_user_db"
	at org.postgresql.core.v3.ConnectionFactoryImpl.doAuthentication(ConnectionFactoryImpl.java:778)
	at org.postgresql.core.v3.ConnectionFactoryImpl.tryConnect(ConnectionFactoryImpl.java:234)
	at org.postgresql.core.v3.ConnectionFactoryImpl.openConnectionImpl(ConnectionFactoryImpl.java:289)
	at org.postgresql.core.ConnectionFactory.openConnection(ConnectionFactory.java:57)
	at org.postgresql.jdbc.PgConnection.<init>(PgConnection.java:290)
	at org.postgresql.Driver.makeConnection(Driver.java:448)
	at org.postgresql.Driver.connect(Driver.java:298)
	at com.zaxxer.hikari.util.DriverDataSource.getConnection(DriverDataSource.java:144)
	at com.zaxxer.hikari.pool.PoolBase.newConnection(PoolBase.java:370)
	at com.zaxxer.hikari.pool.PoolBase.newPoolEntry(PoolBase.java:207)
	at com.zaxxer.hikari.pool.HikariPool.createPoolEntry(HikariPool.java:488)
	at com.zaxxer.hikari.pool.HikariPool.checkFailFast(HikariPool.java:576)
	at com.zaxxer.hikari.pool.HikariPool.<init>(HikariPool.java:97)
	at com.zaxxer.hikari.HikariDataSource.getConnection(HikariDataSource.java:111)
	at org.hibernate.engine.jdbc.connections.internal.DatasourceConnectionProviderImpl.getConnection(DatasourceConnectionProviderImpl.java:126)
	at org.hibernate.engine.jdbc.env.internal.JdbcEnvironmentInitiator$ConnectionProviderJdbcConnectionAccess.obtainConnection(JdbcEnvironmentInitiator.java:485)
	at org.hibernate.resource.transaction.backend.jdbc.internal.DdlTransactionIsolatorNonJtaImpl.getIsolatedConnection(DdlTransactionIsolatorNonJtaImpl.java:46)
	... 39 more
17-02-2026 15:56:36.577 INFO  Version.<clinit>:21 : HV000001: Hibernate Validator 8.0.3.Final
17-02-2026 15:56:36.617 INFO  StartupInfoLogger.logStarting:53 : Starting UserServiceApplication using Java 25.0.1 with PID 36016 (C:\Users\akshay.gill\personal Learnings\FitnessApp\backend-microservices\userservice\userservice\target\classes started by akshay.gill in C:\Users\akshay.gill\personal Learnings\FitnessApp\backend-microservices\userservice\userservice)
17-02-2026 15:56:36.622 DEBUG StartupInfoLogger.logStarting:54 : Running with Spring Boot v3.5.10, Spring v6.2.15
17-02-2026 15:56:36.623 INFO  SpringApplication.logStartupProfileInfo:652 : No active profile set, falling back to 1 default profile: "default"
17-02-2026 15:56:37.230 INFO  RepositoryConfigurationDelegate.registerRepositoriesIn:145 : Bootstrapping Spring Data JPA repositories in DEFAULT mode.
17-02-2026 15:56:37.247 INFO  RepositoryConfigurationDelegate.registerRepositoriesIn:213 : Finished Spring Data repository scanning in 11 ms. Found 0 JPA repository interfaces.
17-02-2026 15:56:37.594 INFO  TomcatWebServer.initialize:111 : Tomcat initialized with port 8099 (http)
17-02-2026 15:56:37.606 INFO  DirectJDKLog.log:168 : Initializing ProtocolHandler ["http-nio-8099"]
17-02-2026 15:56:37.608 INFO  DirectJDKLog.log:168 : Starting service [Tomcat]
17-02-2026 15:56:37.608 INFO  DirectJDKLog.log:168 : Starting Servlet engine: [Apache Tomcat/10.1.50]
17-02-2026 15:56:37.654 INFO  DirectJDKLog.log:168 : Initializing Spring embedded WebApplicationContext
17-02-2026 15:56:37.655 INFO  ServletWebServerApplicationContext.prepareWebApplicationContext:301 : Root WebApplicationContext: initialization completed in 994 ms
17-02-2026 15:56:37.801 INFO  LogHelper.logPersistenceUnitInformation:31 : HHH000204: Processing PersistenceUnitInfo [name: default]
17-02-2026 15:56:37.843 INFO  Version.logVersion:44 : HHH000412: Hibernate ORM core version 6.6.41.Final
17-02-2026 15:56:37.871 INFO  RegionFactoryInitiator.initiateService:50 : HHH000026: Second-level cache disabled
17-02-2026 15:56:38.103 INFO  SpringPersistenceUnitInfo.addTransformer:87 : No LoadTimeWeaver setup: ignoring JPA class transformer
17-02-2026 15:56:38.129 INFO  HikariDataSource.getConnection:109 : HikariPool-1 - Starting...
17-02-2026 15:56:39.267 WARN  SqlExceptionHelper.logExceptions:145 : SQL Error: 0, SQLState: 28P01
17-02-2026 15:56:39.268 ERROR SqlExceptionHelper.logExceptions:150 : FATAL: password authentication failed for user "root"
17-02-2026 15:56:39.270 WARN  JdbcEnvironmentInitiator.getJdbcEnvironmentUsingJdbcMetadata:403 : HHH000342: Could not obtain connection to query metadata
org.hibernate.exception.GenericJDBCException: unable to obtain isolated JDBC connection [FATAL: password authentication failed for user "root"] [n/a]
	at org.hibernate.exception.internal.StandardSQLExceptionConverter.convert(StandardSQLExceptionConverter.java:63)
	at org.hibernate.engine.jdbc.spi.SqlExceptionHelper.convert(SqlExceptionHelper.java:108)
	at org.hibernate.engine.jdbc.spi.SqlExceptionHelper.convert(SqlExceptionHelper.java:94)
	at org.hibernate.resource.transaction.backend.jdbc.internal.JdbcIsolationDelegate.delegateWork(JdbcIsolationDelegate.java:116)
	at org.hibernate.engine.jdbc.env.internal.JdbcEnvironmentInitiator.getJdbcEnvironmentUsingJdbcMetadata(JdbcEnvironmentInitiator.java:334)
	at org.hibernate.engine.jdbc.env.internal.JdbcEnvironmentInitiator.initiateService(JdbcEnvironmentInitiator.java:129)
	at org.hibernate.engine.jdbc.env.internal.JdbcEnvironmentInitiator.initiateService(JdbcEnvironmentInitiator.java:81)
	at org.hibernate.boot.registry.internal.StandardServiceRegistryImpl.initiateService(StandardServiceRegistryImpl.java:130)
	at org.hibernate.service.internal.AbstractServiceRegistryImpl.createService(AbstractServiceRegistryImpl.java:263)
	at org.hibernate.service.internal.AbstractServiceRegistryImpl.initializeService(AbstractServiceRegistryImpl.java:238)
	at org.hibernate.service.internal.AbstractServiceRegistryImpl.getService(AbstractServiceRegistryImpl.java:215)
	at org.hibernate.boot.model.relational.Database.<init>(Database.java:45)
	at org.hibernate.boot.internal.InFlightMetadataCollectorImpl.getDatabase(InFlightMetadataCollectorImpl.java:226)
	at org.hibernate.boot.internal.InFlightMetadataCollectorImpl.<init>(InFlightMetadataCollectorImpl.java:194)
	at org.hibernate.boot.model.process.spi.MetadataBuildingProcess.complete(MetadataBuildingProcess.java:171)
	at org.hibernate.jpa.boot.internal.EntityManagerFactoryBuilderImpl.metadata(EntityManagerFactoryBuilderImpl.java:1442)
	at org.hibernate.jpa.boot.internal.EntityManagerFactoryBuilderImpl.build(EntityManagerFactoryBuilderImpl.java:1513)
	at org.springframework.orm.jpa.vendor.SpringHibernateJpaPersistenceProvider.createContainerEntityManagerFactory(SpringHibernateJpaPersistenceProvider.java:66)
	at org.springframework.orm.jpa.LocalContainerEntityManagerFactoryBean.createNativeEntityManagerFactory(LocalContainerEntityManagerFactoryBean.java:390)
	at org.springframework.orm.jpa.AbstractEntityManagerFactoryBean.buildNativeEntityManagerFactory(AbstractEntityManagerFactoryBean.java:419)
	at org.springframework.orm.jpa.AbstractEntityManagerFactoryBean.afterPropertiesSet(AbstractEntityManagerFactoryBean.java:400)
	at org.springframework.orm.jpa.LocalContainerEntityManagerFactoryBean.afterPropertiesSet(LocalContainerEntityManagerFactoryBean.java:366)
	at org.springframework.beans.factory.support.AbstractAutowireCapableBeanFactory.invokeInitMethods(AbstractAutowireCapableBeanFactory.java:1873)
	at org.springframework.beans.factory.support.AbstractAutowireCapableBeanFactory.initializeBean(AbstractAutowireCapableBeanFactory.java:1822)
	at org.springframework.beans.factory.support.AbstractAutowireCapableBeanFactory.doCreateBean(AbstractAutowireCapableBeanFactory.java:607)
	at org.springframework.beans.factory.support.AbstractAutowireCapableBeanFactory.createBean(AbstractAutowireCapableBeanFactory.java:529)
	at org.springframework.beans.factory.support.AbstractBeanFactory.lambda$doGetBean$0(AbstractBeanFactory.java:339)
	at org.springframework.beans.factory.support.DefaultSingletonBeanRegistry.getSingleton(DefaultSingletonBeanRegistry.java:373)
	at org.springframework.beans.factory.support.AbstractBeanFactory.doGetBean(AbstractBeanFactory.java:337)
	at org.springframework.beans.factory.support.AbstractBeanFactory.getBean(AbstractBeanFactory.java:207)
	at org.springframework.context.support.AbstractApplicationContext.finishBeanFactoryInitialization(AbstractApplicationContext.java:973)
	at org.springframework.context.support.AbstractApplicationContext.refresh(AbstractApplicationContext.java:627)
	at org.springframework.boot.web.servlet.context.ServletWebServerApplicationContext.refresh(ServletWebServerApplicationContext.java:146)
	at org.springframework.boot.SpringApplication.refresh(SpringApplication.java:752)
	at org.springframework.boot.SpringApplication.refreshContext(SpringApplication.java:439)
	at org.springframework.boot.SpringApplication.run(SpringApplication.java:318)
	at org.springframework.boot.SpringApplication.run(SpringApplication.java:1361)
	at org.springframework.boot.SpringApplication.run(SpringApplication.java:1350)
	at com.fitness.userservice.UserServiceApplication.main(UserServiceApplication.java:10)
Caused by: org.postgresql.util.PSQLException: FATAL: password authentication failed for user "root"
	at org.postgresql.core.v3.ConnectionFactoryImpl.doAuthentication(ConnectionFactoryImpl.java:778)
	at org.postgresql.core.v3.ConnectionFactoryImpl.tryConnect(ConnectionFactoryImpl.java:234)
	at org.postgresql.core.v3.ConnectionFactoryImpl.openConnectionImpl(ConnectionFactoryImpl.java:289)
	at org.postgresql.core.ConnectionFactory.openConnection(ConnectionFactory.java:57)
	at org.postgresql.jdbc.PgConnection.<init>(PgConnection.java:290)
	at org.postgresql.Driver.makeConnection(Driver.java:448)
	at org.postgresql.Driver.connect(Driver.java:298)
	at com.zaxxer.hikari.util.DriverDataSource.getConnection(DriverDataSource.java:144)
	at com.zaxxer.hikari.pool.PoolBase.newConnection(PoolBase.java:370)
	at com.zaxxer.hikari.pool.PoolBase.newPoolEntry(PoolBase.java:207)
	at com.zaxxer.hikari.pool.HikariPool.createPoolEntry(HikariPool.java:488)
	at com.zaxxer.hikari.pool.HikariPool.checkFailFast(HikariPool.java:576)
	at com.zaxxer.hikari.pool.HikariPool.<init>(HikariPool.java:97)
	at com.zaxxer.hikari.HikariDataSource.getConnection(HikariDataSource.java:111)
	at org.hibernate.engine.jdbc.connections.internal.DatasourceConnectionProviderImpl.getConnection(DatasourceConnectionProviderImpl.java:126)
	at org.hibernate.engine.jdbc.env.internal.JdbcEnvironmentInitiator$ConnectionProviderJdbcConnectionAccess.obtainConnection(JdbcEnvironmentInitiator.java:485)
	at org.hibernate.resource.transaction.backend.jdbc.internal.JdbcIsolationDelegate.delegateWork(JdbcIsolationDelegate.java:61)
	... 35 more
17-02-2026 15:56:39.296 WARN  DialectFactoryImpl.constructDialect:153 : HHH90000025: PostgreSQLDialect does not need to be specified explicitly using 'hibernate.dialect' (remove the property setting and it will be selected by default)
17-02-2026 15:56:39.306 INFO  JdbcEnvironmentInitiator.logConnectionInfo:163 : HHH10001005: Database info:
	Database JDBC URL [Connecting through datasource 'HikariDataSource (null)']
	Database driver: undefined/unknown
	Database version: 12.0
	Autocommit mode: undefined/unknown
	Isolation level: undefined/unknown
	Minimum pool size: undefined/unknown
	Maximum pool size: undefined/unknown
17-02-2026 15:56:40.000 INFO  JtaPlatformInitiator.initiateService:59 : HHH000489: No JTA platform available (set 'hibernate.transaction.jta.platform' to enable JTA platform integration)
17-02-2026 15:56:40.018 INFO  HikariDataSource.getConnection:109 : HikariPool-1 - Starting...
17-02-2026 15:56:41.107 WARN  SqlExceptionHelper.logExceptions:145 : SQL Error: 0, SQLState: 28P01
17-02-2026 15:56:41.108 ERROR SqlExceptionHelper.logExceptions:150 : FATAL: password authentication failed for user "root"
17-02-2026 15:56:41.118 ERROR AbstractEntityManagerFactoryBean.buildNativeEntityManagerFactory:436 : Failed to initialize JPA EntityManagerFactory: [PersistenceUnit: default] Unable to build Hibernate SessionFactory; nested exception is org.hibernate.exception.GenericJDBCException: Unable to open JDBC Connection for DDL execution [FATAL: password authentication failed for user "root"] [n/a]
17-02-2026 15:56:41.121 WARN  AbstractApplicationContext.refresh:635 : Exception encountered during context initialization - cancelling refresh attempt: org.springframework.beans.factory.BeanCreationException: Error creating bean with name 'entityManagerFactory' defined in class path resource [org/springframework/boot/autoconfigure/orm/jpa/HibernateJpaConfiguration.class]: [PersistenceUnit: default] Unable to build Hibernate SessionFactory; nested exception is org.hibernate.exception.GenericJDBCException: Unable to open JDBC Connection for DDL execution [FATAL: password authentication failed for user "root"] [n/a]
17-02-2026 15:56:41.128 INFO  DirectJDKLog.log:168 : Stopping service [Tomcat]
17-02-2026 15:56:41.142 INFO  ConditionEvaluationReportLogger.logMessage:82 : 

Error starting ApplicationContext. To display the condition evaluation report re-run your application with 'debug' enabled.
17-02-2026 15:56:41.161 ERROR SpringApplication.reportFailure:857 : Application run failed
org.springframework.beans.factory.BeanCreationException: Error creating bean with name 'entityManagerFactory' defined in class path resource [org/springframework/boot/autoconfigure/orm/jpa/HibernateJpaConfiguration.class]: [PersistenceUnit: default] Unable to build Hibernate SessionFactory; nested exception is org.hibernate.exception.GenericJDBCException: Unable to open JDBC Connection for DDL execution [FATAL: password authentication failed for user "root"] [n/a]
	at org.springframework.beans.factory.support.AbstractAutowireCapableBeanFactory.initializeBean(AbstractAutowireCapableBeanFactory.java:1826)
	at org.springframework.beans.factory.support.AbstractAutowireCapableBeanFactory.doCreateBean(AbstractAutowireCapableBeanFactory.java:607)
	at org.springframework.beans.factory.support.AbstractAutowireCapableBeanFactory.createBean(AbstractAutowireCapableBeanFactory.java:529)
	at org.springframework.beans.factory.support.AbstractBeanFactory.lambda$doGetBean$0(AbstractBeanFactory.java:339)
	at org.springframework.beans.factory.support.DefaultSingletonBeanRegistry.getSingleton(DefaultSingletonBeanRegistry.java:373)
	at org.springframework.beans.factory.support.AbstractBeanFactory.doGetBean(AbstractBeanFactory.java:337)
	at org.springframework.beans.factory.support.AbstractBeanFactory.getBean(AbstractBeanFactory.java:207)
	at org.springframework.context.support.AbstractApplicationContext.finishBeanFactoryInitialization(AbstractApplicationContext.java:973)
	at org.springframework.context.support.AbstractApplicationContext.refresh(AbstractApplicationContext.java:627)
	at org.springframework.boot.web.servlet.context.ServletWebServerApplicationContext.refresh(ServletWebServerApplicationContext.java:146)
	at org.springframework.boot.SpringApplication.refresh(SpringApplication.java:752)
	at org.springframework.boot.SpringApplication.refreshContext(SpringApplication.java:439)
	at org.springframework.boot.SpringApplication.run(SpringApplication.java:318)
	at org.springframework.boot.SpringApplication.run(SpringApplication.java:1361)
	at org.springframework.boot.SpringApplication.run(SpringApplication.java:1350)
	at com.fitness.userservice.UserServiceApplication.main(UserServiceApplication.java:10)
Caused by: jakarta.persistence.PersistenceException: [PersistenceUnit: default] Unable to build Hibernate SessionFactory; nested exception is org.hibernate.exception.GenericJDBCException: Unable to open JDBC Connection for DDL execution [FATAL: password authentication failed for user "root"] [n/a]
	at org.springframework.orm.jpa.AbstractEntityManagerFactoryBean.buildNativeEntityManagerFactory(AbstractEntityManagerFactoryBean.java:431)
	at org.springframework.orm.jpa.AbstractEntityManagerFactoryBean.afterPropertiesSet(AbstractEntityManagerFactoryBean.java:400)
	at org.springframework.orm.jpa.LocalContainerEntityManagerFactoryBean.afterPropertiesSet(LocalContainerEntityManagerFactoryBean.java:366)
	at org.springframework.beans.factory.support.AbstractAutowireCapableBeanFactory.invokeInitMethods(AbstractAutowireCapableBeanFactory.java:1873)
	at org.springframework.beans.factory.support.AbstractAutowireCapableBeanFactory.initializeBean(AbstractAutowireCapableBeanFactory.java:1822)
	... 15 more
Caused by: org.hibernate.exception.GenericJDBCException: Unable to open JDBC Connection for DDL execution [FATAL: password authentication failed for user "root"] [n/a]
	at org.hibernate.exception.internal.StandardSQLExceptionConverter.convert(StandardSQLExceptionConverter.java:63)
	at org.hibernate.engine.jdbc.spi.SqlExceptionHelper.convert(SqlExceptionHelper.java:108)
	at org.hibernate.engine.jdbc.spi.SqlExceptionHelper.convert(SqlExceptionHelper.java:94)
	at org.hibernate.resource.transaction.backend.jdbc.internal.DdlTransactionIsolatorNonJtaImpl.getIsolatedConnection(DdlTransactionIsolatorNonJtaImpl.java:74)
	at org.hibernate.resource.transaction.backend.jdbc.internal.DdlTransactionIsolatorNonJtaImpl.getIsolatedConnection(DdlTransactionIsolatorNonJtaImpl.java:39)
	at org.hibernate.tool.schema.internal.exec.ImprovedExtractionContextImpl.getJdbcConnection(ImprovedExtractionContextImpl.java:63)
	at org.hibernate.tool.schema.extract.spi.ExtractionContext.getQueryResults(ExtractionContext.java:43)
	at org.hibernate.tool.schema.extract.internal.SequenceInformationExtractorLegacyImpl.extractMetadata(SequenceInformationExtractorLegacyImpl.java:39)
	at org.hibernate.tool.schema.extract.internal.DatabaseInformationImpl.initializeSequences(DatabaseInformationImpl.java:66)
	at org.hibernate.tool.schema.extract.internal.DatabaseInformationImpl.<init>(DatabaseInformationImpl.java:60)
	at org.hibernate.tool.schema.internal.Helper.buildDatabaseInformation(Helper.java:185)
	at org.hibernate.tool.schema.internal.AbstractSchemaMigrator.doMigration(AbstractSchemaMigrator.java:93)
	at org.hibernate.tool.schema.spi.SchemaManagementToolCoordinator.performDatabaseAction(SchemaManagementToolCoordinator.java:280)
	at org.hibernate.tool.schema.spi.SchemaManagementToolCoordinator.lambda$process$5(SchemaManagementToolCoordinator.java:144)
	at java.base/java.util.HashMap.forEach(HashMap.java:1430)
	at org.hibernate.tool.schema.spi.SchemaManagementToolCoordinator.process(SchemaManagementToolCoordinator.java:141)
	at org.hibernate.boot.internal.SessionFactoryObserverForSchemaExport.sessionFactoryCreated(SessionFactoryObserverForSchemaExport.java:37)
	at org.hibernate.internal.SessionFactoryObserverChain.sessionFactoryCreated(SessionFactoryObserverChain.java:35)
	at org.hibernate.internal.SessionFactoryImpl.<init>(SessionFactoryImpl.java:324)
	at org.hibernate.boot.internal.SessionFactoryBuilderImpl.build(SessionFactoryBuilderImpl.java:463)
	at org.hibernate.jpa.boot.internal.EntityManagerFactoryBuilderImpl.build(EntityManagerFactoryBuilderImpl.java:1517)
	at org.springframework.orm.jpa.vendor.SpringHibernateJpaPersistenceProvider.createContainerEntityManagerFactory(SpringHibernateJpaPersistenceProvider.java:66)
	at org.springframework.orm.jpa.LocalContainerEntityManagerFactoryBean.createNativeEntityManagerFactory(LocalContainerEntityManagerFactoryBean.java:390)
	at org.springframework.orm.jpa.AbstractEntityManagerFactoryBean.buildNativeEntityManagerFactory(AbstractEntityManagerFactoryBean.java:419)
	... 19 more
Caused by: org.postgresql.util.PSQLException: FATAL: password authentication failed for user "root"
	at org.postgresql.core.v3.ConnectionFactoryImpl.doAuthentication(ConnectionFactoryImpl.java:778)
	at org.postgresql.core.v3.ConnectionFactoryImpl.tryConnect(ConnectionFactoryImpl.java:234)
	at org.postgresql.core.v3.ConnectionFactoryImpl.openConnectionImpl(ConnectionFactoryImpl.java:289)
	at org.postgresql.core.ConnectionFactory.openConnection(ConnectionFactory.java:57)
	at org.postgresql.jdbc.PgConnection.<init>(PgConnection.java:290)
	at org.postgresql.Driver.makeConnection(Driver.java:448)
	at org.postgresql.Driver.connect(Driver.java:298)
	at com.zaxxer.hikari.util.DriverDataSource.getConnection(DriverDataSource.java:144)
	at com.zaxxer.hikari.pool.PoolBase.newConnection(PoolBase.java:370)
	at com.zaxxer.hikari.pool.PoolBase.newPoolEntry(PoolBase.java:207)
	at com.zaxxer.hikari.pool.HikariPool.createPoolEntry(HikariPool.java:488)
	at com.zaxxer.hikari.pool.HikariPool.checkFailFast(HikariPool.java:576)
	at com.zaxxer.hikari.pool.HikariPool.<init>(HikariPool.java:97)
	at com.zaxxer.hikari.HikariDataSource.getConnection(HikariDataSource.java:111)
	at org.hibernate.engine.jdbc.connections.internal.DatasourceConnectionProviderImpl.getConnection(DatasourceConnectionProviderImpl.java:126)
	at org.hibernate.engine.jdbc.env.internal.JdbcEnvironmentInitiator$ConnectionProviderJdbcConnectionAccess.obtainConnection(JdbcEnvironmentInitiator.java:485)
	at org.hibernate.resource.transaction.backend.jdbc.internal.DdlTransactionIsolatorNonJtaImpl.getIsolatedConnection(DdlTransactionIsolatorNonJtaImpl.java:46)
	... 39 more
17-02-2026 15:57:12.716 INFO  Version.<clinit>:21 : HV000001: Hibernate Validator 8.0.3.Final
17-02-2026 15:57:12.758 INFO  StartupInfoLogger.logStarting:53 : Starting UserServiceApplication using Java 25.0.1 with PID 16912 (C:\Users\akshay.gill\personal Learnings\FitnessApp\backend-microservices\userservice\userservice\target\classes started by akshay.gill in C:\Users\akshay.gill\personal Learnings\FitnessApp\backend-microservices\userservice\userservice)
17-02-2026 15:57:12.763 DEBUG StartupInfoLogger.logStarting:54 : Running with Spring Boot v3.5.10, Spring v6.2.15
17-02-2026 15:57:12.765 INFO  SpringApplication.logStartupProfileInfo:652 : No active profile set, falling back to 1 default profile: "default"
17-02-2026 15:57:13.338 INFO  RepositoryConfigurationDelegate.registerRepositoriesIn:145 : Bootstrapping Spring Data JPA repositories in DEFAULT mode.
17-02-2026 15:57:13.363 INFO  RepositoryConfigurationDelegate.registerRepositoriesIn:213 : Finished Spring Data repository scanning in 15 ms. Found 0 JPA repository interfaces.
17-02-2026 15:57:13.730 INFO  TomcatWebServer.initialize:111 : Tomcat initialized with port 8099 (http)
17-02-2026 15:57:13.743 INFO  DirectJDKLog.log:168 : Initializing ProtocolHandler ["http-nio-8099"]
17-02-2026 15:57:13.744 INFO  DirectJDKLog.log:168 : Starting service [Tomcat]
17-02-2026 15:57:13.745 INFO  DirectJDKLog.log:168 : Starting Servlet engine: [Apache Tomcat/10.1.50]
17-02-2026 15:57:13.794 INFO  DirectJDKLog.log:168 : Initializing Spring embedded WebApplicationContext
17-02-2026 15:57:13.810 INFO  ServletWebServerApplicationContext.prepareWebApplicationContext:301 : Root WebApplicationContext: initialization completed in 989 ms
17-02-2026 15:57:13.946 INFO  LogHelper.logPersistenceUnitInformation:31 : HHH000204: Processing PersistenceUnitInfo [name: default]
17-02-2026 15:57:13.991 INFO  Version.logVersion:44 : HHH000412: Hibernate ORM core version 6.6.41.Final
17-02-2026 15:57:14.021 INFO  RegionFactoryInitiator.initiateService:50 : HHH000026: Second-level cache disabled
17-02-2026 15:57:14.257 INFO  SpringPersistenceUnitInfo.addTransformer:87 : No LoadTimeWeaver setup: ignoring JPA class transformer
17-02-2026 15:57:14.285 INFO  HikariDataSource.getConnection:109 : HikariPool-1 - Starting...
17-02-2026 15:57:14.462 INFO  HikariPool.checkFailFast:580 : HikariPool-1 - Added connection org.postgresql.jdbc.PgConnection@37cfda1c
17-02-2026 15:57:14.464 INFO  HikariDataSource.getConnection:122 : HikariPool-1 - Start completed.
17-02-2026 15:57:14.495 WARN  DialectFactoryImpl.constructDialect:153 : HHH90000025: PostgreSQLDialect does not need to be specified explicitly using 'hibernate.dialect' (remove the property setting and it will be selected by default)
17-02-2026 15:57:14.514 INFO  JdbcEnvironmentInitiator.logConnectionInfo:163 : HHH10001005: Database info:
	Database JDBC URL [Connecting through datasource 'HikariDataSource (HikariPool-1)']
	Database driver: undefined/unknown
	Database version: 16.12
	Autocommit mode: undefined/unknown
	Isolation level: undefined/unknown
	Minimum pool size: undefined/unknown
	Maximum pool size: undefined/unknown
17-02-2026 15:57:15.334 INFO  JtaPlatformInitiator.initiateService:59 : HHH000489: No JTA platform available (set 'hibernate.transaction.jta.platform' to enable JTA platform integration)
17-02-2026 15:57:15.424 INFO  AbstractEntityManagerFactoryBean.buildNativeEntityManagerFactory:447 : Initialized JPA EntityManagerFactory for persistence unit 'default'
17-02-2026 15:57:15.477 WARN  JpaBaseConfiguration$JpaWebConfiguration.openEntityManagerInViewInterceptor:258 : spring.jpa.open-in-view is enabled by default. Therefore, database queries may be performed during view rendering. Explicitly configure spring.jpa.open-in-view to disable this warning
17-02-2026 15:57:15.781 INFO  DirectJDKLog.log:168 : Starting ProtocolHandler ["http-nio-8099"]
17-02-2026 15:57:15.807 INFO  TomcatWebServer.start:243 : Tomcat started on port 8099 (http) with context path '/'
17-02-2026 15:57:15.820 INFO  StartupInfoLogger.logStarted:59 : Started UserServiceApplication in 3.527 seconds (process running for 4.285)
